"","partido","proMercado","fundamentalismo","microGap_proMercado","microGap_fundamentalismo","base","ano"
"1","PT",1,0.634383223745808,0.3125,0.28001921799477,"Público","2017-2018"
"2","PT",0,0.408915884993988,0.6875,0.05455187924295,"Público","2017-2018"
"3","PT",0,0.282558481396827,0.6875,0.0718055243542116,"Público","2017-2018"
"4","PT",1,0.424730726933402,0.3125,0.070366721182364,"Público","2017-2018"
"5","PSDB",0.222222222222222,0.328055417637833,0.465277777777778,0.0263085881132055,"Público","2017-2018"
"6","PSDB",0.222222222222222,0.631177603912379,0.465277777777778,0.276813598161341,"Público","2017-2018"
"7","PSDB",0.888888888888889,0.627393873295782,0.201388888888889,0.273029867544743,"Público","2017-2018"
"8","PT",0.555555555555556,0.565567598086149,0.131944444444444,0.211203592335111,"Público","2017-2018"
"9","PT",0,0.334987122547472,0.6875,0.0193768832035665,"Público","2017-2018"
"10","PT",0.111111111111111,0.371848863103558,0.576388888888889,0.0174848573525196,"Público","2017-2018"
"11","PT",0,0.122001530410964,0.6875,0.232362475340074,"Público","2017-2018"
"12","PSDB",0.444444444444444,0.333153568894814,0.243055555555556,0.0212104368562245,"Público","2017-2018"
"13","PT",1,1,0.3125,0.645635994248962,"Público","2017-2018"
"14","PT",0.111111111111111,0.47534338734797,0.576388888888889,0.120979381596931,"Público","2017-2018"
"15","PT",0.555555555555556,0.494014560802137,0.131944444444444,0.139650555051099,"Público","2017-2018"
"16","PT",0.777777777777778,0.589002620008499,0.0902777777777778,0.23463861425746,"Público","2017-2018"
"17","PT",0.333333333333333,0.191270378749823,0.354166666666667,0.163093627001216,"Público","2017-2018"
"18","PSDB",1,0.908422841961412,0.3125,0.554058836210373,"Público","2017-2018"
"19","PSDB",0.444444444444444,0.367379244800367,0.243055555555556,0.0130152390493291,"Público","2017-2018"
"20","PT",1,0.881331564913138,0.3125,0.526967559162099,"Público","2017-2018"
"21","PT",0.111111111111111,0.878755733189696,0.576388888888889,0.524391727438658,"Público","2017-2018"
"22","PT",0.444444444444444,0.615550470390729,0.243055555555556,0.261186464639691,"Público","2017-2018"
"23","PT",0,0.380659369063069,0.6875,0.0262953633120308,"Público","2017-2018"
"24","PT",0,0.182647581208075,0.6875,0.171716424542963,"Público","2017-2018"
"25","PT",0,0.358581136984029,0.6875,0.00421713123299067,"Público","2017-2018"
"26","PT",0,0.15242590278334,0.6875,0.201938102967698,"Público","2017-2018"
"27","PMDB",0.555555555555556,0.633363033270416,0.131944444444444,0.278999027519378,"Público","2017-2018"
"28","PT",0.555555555555556,0.634877560471737,0.131944444444444,0.280513554720698,"Público","2017-2018"
"29","PSDB",0.333333333333333,0.454866043914194,0.354166666666667,0.100502038163155,"Público","2017-2018"
"30","PT",1,1,0.3125,0.645635994248962,"Público","2017-2018"
"31","PT",0.333333333333333,0.650140420144835,0.354166666666667,0.295776414393796,"Público","2017-2018"
"32","PSDB",0,0.470784820214132,0.6875,0.116420814463093,"Público","2017-2018"
"33","PT",1,0.984737140326902,0.3125,0.630373134575864,"Público","2017-2018"
"34","PSDB",1,1,0.3125,0.645635994248962,"Público","2017-2018"
"35","PT",0,0.657904607112101,0.6875,0.303540601361063,"Público","2017-2018"
"36","PT",0.666666666666667,0.67905026531589,0.0208333333333334,0.324686259564852,"Público","2017-2018"
"37","PT",0.555555555555556,0.556086189969921,0.131944444444444,0.201722184218883,"Público","2017-2018"
"38","PT",0,0.350133649716873,0.6875,0.00423035603416538,"Público","2017-2018"
"39","PT",1,0.434388700480418,0.3125,0.0800246947293795,"Público","2017-2018"
"40","PT",1,0.350133649716873,0.3125,0.00423035603416538,"Público","2017-2018"
"41","PT",1,0.0912731171171275,0.3125,0.263090888633911,"Público","2017-2018"
"42","PMDB",0.444444444444444,0.419721524507069,0.243055555555556,0.0653575187560305,"Público","2017-2018"
"43","PT",0.555555555555556,0.33733413180642,0.131944444444444,0.0170298739446184,"Público","2017-2018"
"44","PSDB",0.555555555555556,0.488537150166728,0.131944444444444,0.134173144415689,"Público","2017-2018"
"45","PT",0,0.260390045330943,0.6875,0.0939739604200958,"Público","2017-2018"
"46","PT",0.555555555555556,0.984737140326902,0.131944444444444,0.630373134575864,"Público","2017-2018"
"47","PT",1,1,0.3125,0.645635994248962,"Público","2017-2018"
"48","PT",0.555555555555556,0.925402922783471,0.131944444444444,0.571038917032432,"Público","2017-2018"
"49","PSDB",0,0.289082211024481,0.6875,0.0652817947265577,"Público","2017-2018"
"50","PT",1,0.92368570163451,0.3125,0.569321695883471,"Público","2017-2018"
"51","PT",0.666666666666667,0.556392818278086,0.0208333333333334,0.202028812527048,"Público","2017-2018"
"52","PT",0,0.0608487447447517,0.6875,0.293515261006287,"Público","2017-2018"
"53","PT",0,0.881331564913138,0.6875,0.526967559162099,"Público","2017-2018"
"54","PT",0.555555555555556,0,0.131944444444444,0.354364005751038,"Público","2017-2018"
"55","PT",0.111111111111111,0.622468444926688,0.576388888888889,0.26810443917565,"Público","2017-2018"
"56","PT",1,0.289082211024481,0.3125,0.0652817947265577,"Público","2017-2018"
"57","PT",0.555555555555556,0.67753573811457,0.131944444444444,0.323171732363531,"Público","2017-2018"
"58","PT",0.555555555555556,0.525196196775173,0.131944444444444,0.170832191024135,"Público","2017-2018"
"59","PT",0,0.632400488335412,0.6875,0.278036482584373,"Público","2017-2018"
"60","PT",0,0.350133649716873,0.6875,0.00423035603416538,"Público","2017-2018"
"61","PMDB",0.333333333333333,0.753545995558599,0.354166666666667,0.399181989807561,"Público","2017-2018"
"62","PT",0.555555555555556,0.572514288525665,0.131944444444444,0.218150282774626,"Público","2017-2018"
"63","PT",0.888888888888889,0.363127305974694,0.201388888888889,0.00876330022365585,"Público","2017-2018"
"64","PSOL",0,0.211005444112815,0.6875,0.143358561638223,"Público","2017-2018"
"65","PSDB",0.555555555555556,0.765970096633524,0.131944444444444,0.411606090882486,"Público","2017-2018"
"66","PT",1,0.706445583285625,0.3125,0.352081577534587,"Público","2017-2018"
"67","PT",0,0.556086189969921,0.6875,0.201722184218883,"Público","2017-2018"
"68","PT",0.555555555555556,0.668056917385046,0.131944444444444,0.313692911634007,"Público","2017-2018"
"69","PT",0.555555555555556,0.906440106551015,0.131944444444444,0.552076100799977,"Público","2017-2018"
"70","PSOL",0.666666666666667,0.685588980473421,0.0208333333333334,0.331224974722382,"Público","2017-2018"
"71","PSDB",0.555555555555556,0.685588980473421,0.131944444444444,0.331224974722382,"Público","2017-2018"
"72","PT",0.222222222222222,0.556086189969921,0.465277777777778,0.201722184218883,"Público","2017-2018"
"73","PT",0,0.547099118579622,0.6875,0.192735112828584,"Público","2017-2018"
"74","PT",0,0.167384721534977,0.6875,0.186979284216061,"Público","2017-2018"
"75","PT",0.111111111111111,0.709474637688266,0.576388888888889,0.355110631937228,"Público","2017-2018"
"76","PT",0.777777777777778,0.686158535656317,0.0902777777777778,0.331794529905279,"Público","2017-2018"
"77","PT",0,0.908422841961412,0.6875,0.554058836210373,"Público","2017-2018"
"78","PT",1,1,0.3125,0.645635994248962,"Público","2017-2018"
"79","PSDB",0.555555555555556,0.708717374087606,0.131944444444444,0.354353368336567,"Público","2017-2018"
"80","PT",0,0.304345070697579,0.6875,0.0500189350534596,"Público","2017-2018"
"81","PT",0.555555555555556,0.60293866089804,0.131944444444444,0.248574655147002,"Público","2017-2018"
"82","PT",0.666666666666667,0.305015972854295,0.0208333333333334,0.0493480328967431,"Público","2017-2018"
"83","PT",0,0.258961879573566,0.6875,0.0954021261774726,"Público","2017-2018"
"84","PT",0,0.751828774409638,0.6875,0.3974647686586,"Público","2017-2018"
"85","PSDB",0.555555555555556,0.169874191814475,0.131944444444444,0.184489813936563,"Público","2017-2018"
"86","PT",0.222222222222222,0,0.465277777777778,0.354364005751038,"Público","2017-2018"
"87","PSDB",0.222222222222222,0.706445583285625,0.465277777777778,0.352081577534587,"Público","2017-2018"
"88","PT",0.444444444444444,0.289198543528178,0.243055555555556,0.0651654622228608,"Público","2017-2018"
"89","PT",0.555555555555556,0.367379244800367,0.131944444444444,0.0130152390493291,"Público","2017-2018"
"90","PT",0.222222222222222,0.484824795464197,0.465277777777778,0.130460789713159,"Público","2017-2018"
"91","PT",0,0.365396509389971,0.6875,0.0110325036389328,"Público","2017-2018"
"92","PT",0.777777777777778,0.358872779762317,0.0902777777777778,0.00450877401127875,"Público","2017-2018"
"93","PT",0,1,0.6875,0.645635994248962,"Público","2017-2018"
"94","PT",0.111111111111111,0.197051830306693,0.576388888888889,0.157312175444345,"Público","2017-2018"
"95","PT",0,1,0.6875,0.645635994248962,"Público","2017-2018"
"96","PT",0.888888888888889,0.43421213504963,0.201388888888889,0.0798481292985917,"Público","2017-2018"
"97","PT",0.777777777777778,0.449651560153516,0.0902777777777778,0.0952875544024775,"Público","2017-2018"
"98","PT",0,0.564344713663117,0.6875,0.209980707912078,"Público","2017-2018"
"99","PSDB",1,1,0.3125,0.645635994248962,"Público","2017-2018"
"100","PT",0.111111111111111,0.612682995889,0.576388888888889,0.258318990137961,"Público","2017-2018"
"101","PT",0.222222222222222,0.673531740633751,0.465277777777778,0.319167734882713,"Público","2017-2018"
"102","PT",1,0.0305257193461961,0.3125,0.323838286404842,"Público","2017-2018"
"103","PSOL",0.222222222222222,0,0.465277777777778,0.354364005751038,"Público","2017-2018"
"104","PT",1,0.556086189969921,0.3125,0.201722184218883,"Público","2017-2018"
"105","PMDB",0.333333333333333,0.0152628596730981,0.354166666666667,0.33910114607794,"Público","2017-2018"
"106","PT",1,0.694211778015168,0.3125,0.33984777226413,"Público","2017-2018"
"107","PT",1,0.0763142983654904,0.3125,0.278049707385548,"Público","2017-2018"
"108","PSOL",0.333333333333333,0.73656591473654,0.354166666666667,0.382201908985502,"Público","2017-2018"
"109","PT",0.111111111111111,0.556086189969921,0.576388888888889,0.201722184218883,"Público","2017-2018"
"110","PT",0.777777777777778,0.167384721534977,0.0902777777777778,0.186979284216061,"Público","2017-2018"
"111","PT",0.555555555555556,0.206533238422921,0.131944444444444,0.147830767328118,"Público","2017-2018"
"112","PT",0.222222222222222,0.389851721787712,0.465277777777778,0.0354877160366742,"Público","2017-2018"
"113","PT",1,0.380659369063069,0.3125,0.0262953633120308,"Público","2017-2018"
"114","PT",0.555555555555556,0.805017266547647,0.131944444444444,0.450653260796609,"Público","2017-2018"
"115","PSDB",0.111111111111111,0.413167823819662,0.576388888888889,0.0588038180686233,"Público","2017-2018"
"116","PT",0.555555555555556,0.363127305974694,0.131944444444444,0.00876330022365585,"Público","2017-2018"
"117","PSOL",1,0.289082211024481,0.3125,0.0652817947265577,"Público","2017-2018"
"118","PT",0,0.289082211024481,0.6875,0.0652817947265577,"Público","2017-2018"
"119","PT",1,0.376771704085948,0.3125,0.0224076983349093,"Público","2017-2018"
"120","PT",0.666666666666667,0.571349049643019,0.0208333333333334,0.216985043891981,"Público","2017-2018"
"121","PT",0.555555555555556,0.60218139729738,0.131944444444444,0.247817391546342,"Público","2017-2018"
"122","PT",0,0.483206333902353,0.6875,0.128842328151315,"Público","2017-2018"
"123","PT",0.555555555555556,0.0915771580385885,0.131944444444444,0.26278684771245,"Público","2017-2018"
"124","PT",0.111111111111111,1,0.576388888888889,0.645635994248962,"Público","2017-2018"
"125","PT",0.555555555555556,0.843405932448227,0.131944444444444,0.489041926697188,"Público","2017-2018"
"126","PT",0.444444444444444,0.725960381784396,0.243055555555556,0.371596376033358,"Público","2017-2018"
"127","PT",1,0.908422841961412,0.3125,0.554058836210373,"Público","2017-2018"
"128","PT",0.444444444444444,0.733071239511527,0.243055555555556,0.378707233760489,"Público","2017-2018"
"129","PT",0,1,0.6875,0.645635994248962,"Público","2017-2018"
"130","PMDB",1,0.73299602105456,0.3125,0.378632015303521,"Público","2017-2018"
"131","PT",0.555555555555556,1,0.131944444444444,0.645635994248962,"Público","2017-2018"
"132","PSDB",1,0.378390165647792,0.3125,0.0240261598967539,"Público","2017-2018"
"133","PT",0,0.182546234234255,0.6875,0.171817771516783,"Público","2017-2018"
"134","PT",1,0.73299602105456,0.3125,0.378632015303521,"Público","2017-2018"
"135","PMDB",0.666666666666667,0.656592773858422,0.0208333333333334,0.302228768107383,"Público","2017-2018"
"136","PT",0.222222222222222,0.724737497361364,0.465277777777778,0.370373491610326,"Público","2017-2018"
"137","PSOL",0.777777777777778,0.167384721534977,0.0902777777777778,0.186979284216061,"Público","2017-2018"
"138","PSDB",0,0.632400488335412,0.6875,0.278036482584373,"Público","2017-2018"
"139","PT",0.888888888888889,0.497917211309135,0.201388888888889,0.143553205558097,"Público","2017-2018"
"140","PSDB",0.555555555555556,0.556086189969921,0.131944444444444,0.201722184218883,"Público","2017-2018"
"141","PT",0.555555555555556,0.525398890722814,0.131944444444444,0.171034884971776,"Público","2017-2018"
"142","PT",1,0.677231697193109,0.3125,0.322867691442071,"Público","2017-2018"
"143","PT",1,0.473537217368361,0.3125,0.119173211617323,"Público","2017-2018"
"144","PSDB",0.111111111111111,0.931184374340341,0.576388888888889,0.576820368589303,"Público","2017-2018"
"145","PT",0.777777777777778,0.303486460123098,0.0902777777777778,0.0508775456279402,"Público","2017-2018"
"146","PT",0.555555555555556,0.554863305546889,0.131944444444444,0.20049929979585,"Público","2017-2018"
"147","PT",0.555555555555556,0.587777148198763,0.131944444444444,0.233413142447724,"Público","2017-2018"
"148","PT",0,1,0.6875,0.645635994248962,"Público","2017-2018"
"149","PT",0.666666666666667,0.571554330977364,0.0208333333333334,0.217190325226325,"Público","2017-2018"
"150","PT",0.555555555555556,0.657350037459082,0.131944444444444,0.302986031708044,"Público","2017-2018"
"151","PT",0.666666666666667,0.749846038999242,0.0208333333333334,0.395482033248203,"Público","2017-2018"
"152","PSDB",1,0.969474280653804,0.3125,0.615110274902766,"Público","2017-2018"
"153","PT",0,0.984737140326902,0.6875,0.630373134575864,"Público","2017-2018"
"154","PT",0.555555555555556,0.255175561570265,0.131944444444444,0.0991884441807737,"Público","2017-2018"
"155","PT",0.666666666666667,0.317992056195536,0.0208333333333334,0.0363719495555023,"Público","2017-2018"
"156","PT",0.333333333333333,1,0.354166666666667,0.645635994248962,"Público","2017-2018"
"157","PT",0.444444444444444,0.472314332945329,0.243055555555556,0.11795032719429,"Público","2017-2018"
"158","PSDB",0.555555555555556,0.648423198995874,0.131944444444444,0.294059193244835,"Público","2017-2018"
"159","PT",0.777777777777778,0.75440460613308,0.0902777777777778,0.400040600382041,"Público","2017-2018"
"160","PSOL",0.555555555555556,0.0761116044178497,0.131944444444444,0.278252401333189,"Público","2017-2018"
"161","PSOL",1,0.73299602105456,0.3125,0.378632015303521,"Público","2017-2018"
"162","PT",0,0.753545995558599,0.6875,0.399181989807561,"Público","2017-2018"
"163","PT",0.555555555555556,0.167384721534977,0.131944444444444,0.186979284216061,"Público","2017-2018"
"164","PT",0,0.694211778015168,0.6875,0.33984777226413,"Público","2017-2018"
"165","PT",0.555555555555556,0.365396509389971,0.131944444444444,0.0110325036389328,"Público","2017-2018"
"166","PT",0,0.528994912921647,0.6875,0.174630907170609,"Público","2017-2018"
"167","PT",0.444444444444444,0.921702966224113,0.243055555555556,0.567338960473075,"Público","2017-2018"
"168","PSDB",0.333333333333333,0.910140063110373,0.354166666666667,0.555776057359334,"Público","2017-2018"
"169","PT",1,0.513732053248549,0.3125,0.159368047497511,"Público","2017-2018"
"170","PT",1,0.398006311120384,0.3125,0.0436423053693455,"Público","2017-2018"
"171","PT",0.555555555555556,0.767091634082736,0.131944444444444,0.412727628331698,"Público","2017-2018"
"172","PT",0,0.449474994722728,0.6875,0.0951109889716898,"Público","2017-2018"
"173","PSOL",0.888888888888889,0.365396509389971,0.201388888888889,0.0110325036389328,"Público","2017-2018"
"174","PSDB",0.222222222222222,0.510702998845908,0.465277777777778,0.15633899309487,"Público","2017-2018"
"175","PT",0,0.540823330296823,0.6875,0.186459324545785,"Público","2017-2018"
"176","PT",0.555555555555556,0.626156003342873,0.131944444444444,0.271791997591835,"Público","2017-2018"
"177","PT",0,0.67980752891655,0.6875,0.325443523165512,"Público","2017-2018"
"178","PT",1,0.617137628662313,0.3125,0.262773622911275,"Público","2017-2018"
"179","PSOL",0.222222222222222,0.494217254749778,0.465277777777778,0.139853248998739,"Público","2017-2018"
"180","PT",0.555555555555556,0.289082211024481,0.131944444444444,0.0652817947265577,"Público","2017-2018"
"181","PT",0.555555555555556,0.389297152134693,0.131944444444444,0.0349331463836546,"Público","2017-2018"
"182","PT",1,0.617137628662313,0.3125,0.262773622911275,"Público","2017-2018"
"183","PT",1,0.511462849833272,0.3125,0.157098844082234,"Público","2017-2018"
"184","PT",0,0.556086189969921,0.6875,0.201722184218883,"Público","2017-2018"
"185","PT",0,0.984737140326902,0.6875,0.630373134575864,"Público","2017-2018"
"186","PSOL",1,0.335643039174312,0.3125,0.0187209665767266,"Público","2017-2018"
"187","PT",0,0.640659012028607,0.6875,0.286295006277569,"Público","2017-2018"
"188","PT",0,0.350133649716873,0.6875,0.00423035603416538,"Público","2017-2018"
"189","PT",0.555555555555556,0.608720112454911,0.131944444444444,0.254356106703872,"Público","2017-2018"
"190","PT",0,0.789754406874549,0.6875,0.435390401123511,"Público","2017-2018"
"191","PT",0,0.437417754883059,0.6875,0.0830537491320204,"Público","2017-2018"
"192","PSDB",1,0.0152628596730981,0.3125,0.33910114607794,"Público","2017-2018"
"193","PT",0.555555555555556,0.850805845566941,0.131944444444444,0.496441839815903,"Público","2017-2018"
"194","PT",1,0.556086189969921,0.3125,0.201722184218883,"Público","2017-2018"
"195","PT",1,0.625396152355509,0.3125,0.271032146604471,"Público","2017-2018"
"196","PT",0,0.906440106551015,0.6875,0.552076100799977,"Público","2017-2018"
"197","PT",0,0.843405932448227,0.6875,0.489041926697188,"Público","2017-2018"
"198","PT",0.555555555555556,0.685588980473421,0.131944444444444,0.331224974722382,"Público","2017-2018"
"199","PT",0.222222222222222,0.579053003683195,0.465277777777778,0.224688997932157,"Público","2017-2018"
"200","PT",1,0.407750646111343,0.3125,0.0533866403603048,"Público","2017-2018"
"201","PT",0.666666666666667,0.671754286557699,0.0208333333333334,0.317390280806661,"Público","2017-2018"
"202","PT",0.111111111111111,0.393346397012726,0.576388888888889,0.0389823912616872,"Público","2017-2018"
"203","PT",1,0.548628631310819,0.3125,0.194264625559781,"Público","2017-2018"
"204","PT",0.444444444444444,0,0.243055555555556,0.354364005751038,"Público","2017-2018"
"205","PT",1,0.469660695378216,0.3125,0.115296689627178,"Público","2017-2018"
"206","PT",0.222222222222222,0.573826121779344,0.465277777777778,0.219462116028306,"Público","2017-2018"
"207","PT",0,0.73299602105456,0.6875,0.378632015303521,"Público","2017-2018"
"208","PT",1,0.198011787854994,0.3125,0.156352217896045,"Público","2017-2018"
"209","PT",1,0.969474280653804,0.3125,0.615110274902766,"Público","2017-2018"
"210","PT",1,0.984737140326902,0.3125,0.630373134575864,"Público","2017-2018"
"211","PT",0.555555555555556,0.167384721534977,0.131944444444444,0.186979284216061,"Público","2017-2018"
"212","PT",0,0.717733161381461,0.6875,0.363369155630423,"Público","2017-2018"
"213","PT",0,0.92368570163451,0.6875,0.569321695883471,"Público","2017-2018"
"214","PT",0.444444444444444,0.908422841961412,0.243055555555556,0.554058836210373,"Público","2017-2018"
"215","PT",0.555555555555556,0.675248961782712,0.131944444444444,0.320884956031674,"Público","2017-2018"
"216","PSDB",1,0.458956402838956,0.3125,0.104592397087918,"Público","2017-2018"
"217","PSDB",1,0.694211778015168,0.3125,0.33984777226413,"Público","2017-2018"
"218","PT",0.333333333333333,0.267003978945441,0.354166666666667,0.0873600268055978,"Público","2017-2018"
"219","PSDB",0.333333333333333,0.828143072775128,0.354166666666667,0.47377906702409,"Público","2017-2018"
"220","PSDB",1,0.106840017711687,0.3125,0.247523988039352,"Público","2017-2018"
"221","PT",0.333333333333333,0.954211420980706,0.354166666666667,0.599847415229667,"Público","2017-2018"
"222","PT",1,0.694211778015168,0.3125,0.33984777226413,"Público","2017-2018"
"223","PT",0.555555555555556,1,0.131944444444444,0.645635994248962,"Público","2017-2018"
"224","PT",0,0.908422841961412,0.6875,0.554058836210373,"Público","2017-2018"
"225","PT",0.444444444444444,0.245681755310864,0.243055555555556,0.108682250440174,"Público","2017-2018"
"226","PT",0.333333333333333,0.145684493678169,0.354166666666667,0.208679512072869,"Público","2017-2018"
"227","PT",0,0.843405932448227,0.6875,0.489041926697188,"Público","2017-2018"
"228","PSDB",1,0.671549005223355,0.3125,0.317184999472317,"Público","2017-2018"
"229","PT",1,0.556086189969921,0.3125,0.201722184218883,"Público","2017-2018"
"230","PT",0.222222222222222,0.40370140123331,0.465277777777778,0.0493373954822722,"Público","2017-2018"
"231","PT",0,0.984737140326902,0.6875,0.630373134575864,"Público","2017-2018"
"232","PT",0,0.439441604340185,0.6875,0.0850775985891462,"Público","2017-2018"
"233","PSDB",1,1,0.3125,0.645635994248962,"Público","2017-2018"
"234","PT",0,0.564344713663117,0.6875,0.209980707912078,"Público","2017-2018"
"235","PT",1,0.908422841961412,0.3125,0.554058836210373,"Público","2017-2018"
"236","PSDB",0.666666666666667,0.373843996657127,0.0208333333333334,0.0194799909060888,"Público","2017-2018"
"237","PT",0.555555555555556,0.767091634082736,0.131944444444444,0.412727628331698,"Público","2017-2018"
"238","PT",1,0.0152628596730981,0.3125,0.33910114607794,"Público","2017-2018"
"239","PSDB",0,0.969474280653804,0.6875,0.615110274902766,"Público","2017-2018"
"240","PT",1,0.420392426663785,0.3125,0.066028420912747,"Público","2017-2018"
"241","PT",0.444444444444444,0.984737140326902,0.243055555555556,0.630373134575864,"Público","2017-2018"
"242","PMDB",0.222222222222222,0.751828774409638,0.465277777777778,0.3974647686586,"Público","2017-2018"
"243","PT",0.333333333333333,0.576867574325158,0.354166666666667,0.22250356857412,"Público","2017-2018"
"244","PT",0,0.721708442958723,0.6875,0.367344437207685,"Público","2017-2018"
"245","PMDB",1,0.465117113774255,0.3125,0.110753108023216,"Público","2017-2018"
"246","PT",0.555555555555556,0.747880876505426,0.131944444444444,0.393516870754387,"Público","2017-2018"
"247","PT",0,0.793553123021023,0.6875,0.439189117269985,"Público","2017-2018"
"248","PT",1,0.751828774409638,0.3125,0.3974647686586,"Público","2017-2018"
"249","PT",0.111111111111111,0.475809008170342,0.576388888888889,0.121445002419304,"Público","2017-2018"
"250","PT",0.222222222222222,0.451822003981676,0.465277777777778,0.0974579982306379,"Público","2017-2018"
"251","PT",1,0.649646083418906,0.3125,0.295282077667868,"Público","2017-2018"
"252","PT",0.666666666666667,0.465861979231742,0.0208333333333334,0.111497973480704,"Público","2017-2018"
"253","PT",0.222222222222222,0.656286145550257,0.465277777777778,0.301922139799219,"Público","2017-2018"
"254","PT",0.555555555555556,0.533365771637721,0.131944444444444,0.179001765886683,"Público","2017-2018"
"255","PT",0.555555555555556,0.81288021310203,0.131944444444444,0.458516207350992,"Público","2017-2018"
"256","PT",1,0.984737140326902,0.3125,0.630373134575864,"Público","2017-2018"
"257","PT",1,0.380659369063069,0.3125,0.0262953633120308,"Público","2017-2018"
"258","PT",1,0.717733161381461,0.3125,0.363369155630423,"Público","2017-2018"
"259","PT",1,0.984737140326902,0.3125,0.630373134575864,"Público","2017-2018"
"260","PT",0,0.513732053248549,0.6875,0.159368047497511,"Público","2017-2018"
"261","PMDB",0.777777777777778,0.548425937363179,0.0902777777777778,0.19406193161214,"Público","2017-2018"
"262","PSDB",1,0.478283492919963,0.3125,0.123919487168925,"Público","2017-2018"
"263","PT",1,0.984737140326902,0.3125,0.630373134575864,"Público","2017-2018"
"264","PSDB",0.111111111111111,0.36150884441285,0.576388888888889,0.00714483866181126,"Público","2017-2018"
"265","PSDB",1,0.828143072775128,0.3125,0.47377906702409,"Público","2017-2018"
"266","PT",1,0.6027359669504,0.3125,0.248371961199361,"Público","2017-2018"
"267","PT",1,0.541127371218284,0.3125,0.186763365467246,"Público","2017-2018"
"268","PT",0,1,0.6875,0.645635994248962,"Público","2017-2018"
"269","PT",0.333333333333333,0.561139093829688,0.354166666666667,0.20677508807865,"Público","2017-2018"
"270","PT",0.888888888888889,0.350133649716873,0.201388888888889,0.00423035603416538,"Público","2017-2018"
"271","PT",1,0.54587623415659,0.3125,0.191512228405551,"Público","2017-2018"
"272","PT",0.222222222222222,0.828143072775128,0.465277777777778,0.47377906702409,"Público","2017-2018"
"273","PT",0,1,0.6875,0.645635994248962,"Público","2017-2018"
"274","PT",0,0.908422841961412,0.6875,0.554058836210373,"Público","2017-2018"
"275","PMDB",0.777777777777778,0.761804519251794,0.0902777777777778,0.407440513500756,"Público","2017-2018"
"276","PT",1,0.969474280653804,0.3125,0.615110274902766,"Público","2017-2018"
"277","PT",1,0.666626164240965,0.3125,0.312262158489927,"Público","2017-2018"
"278","PT",0,0.423013505784441,0.6875,0.0686495000334029,"Público","2017-2018"
"279","PSDB",1,0.646440463585477,0.3125,0.292076457834439,"Público","2017-2018"
"280","PT",0.222222222222222,0.908422841961412,0.465277777777778,0.554058836210373,"Público","2017-2018"
"281","PT",0,0.0305257193461961,0.6875,0.323838286404842,"Público","2017-2018"
"282","PMDB",0.666666666666667,0.908726882882872,0.0208333333333334,0.554362877131834,"Público","2017-2018"
"283","PT",0,0.318749319796196,0.6875,0.0356146859548421,"Público","2017-2018"
"284","PSOL",1,0.893159982288313,0.3125,0.538795976537275,"Público","2017-2018"
"285","PSDB",0.555555555555556,0.348416428567912,0.131944444444444,0.00594757718312644,"Público","2017-2018"
"286","PT",1,0.365396509389971,0.3125,0.0110325036389328,"Público","2017-2018"
"287","PT",1,0.702470301708363,0.3125,0.348106295957325,"Público","2017-2018"
"288","PT",1,0.167384721534977,0.3125,0.186979284216061,"Público","2017-2018"
"289","PT",0.555555555555556,0.694211778015168,0.131944444444444,0.33984777226413,"Público","2017-2018"
"290","PSDB",1,0.556086189969921,0.3125,0.201722184218883,"Público","2017-2018"
"291","PT",0.555555555555556,0.563891490983917,0.131944444444444,0.209527485232879,"Público","2017-2018"
"292","PMDB",0.444444444444444,0.542176277597232,0.243055555555556,0.187812271846194,"Público","2017-2018"
"293","PMDB",0,0.417232054227571,0.6875,0.0628680484765325,"Público","2017-2018"
"294","PT",1,0.725960381784396,0.3125,0.371596376033358,"Público","2017-2018"
"295","PSDB",0.777777777777778,0.592029087024436,0.0902777777777778,0.237665081273398,"Público","2017-2018"
"296","PT",1,0.528994912921647,0.3125,0.174630907170609,"Público","2017-2018"
"297","PT",0.555555555555556,0.984737140326902,0.131944444444444,0.630373134575864,"Público","2017-2018"
"298","PT",0.222222222222222,0.665868900640305,0.465277777777778,0.311504894889267,"Público","2017-2018"
"299","PT",0.555555555555556,0.850805845566941,0.131944444444444,0.496441839815903,"Público","2017-2018"
"300","PSOL",1,0.656286145550257,0.3125,0.301922139799219,"Público","2017-2018"
"301","PT",1,0.969474280653804,0.3125,0.615110274902766,"Público","2017-2018"
"302","PT",0.333333333333333,0.424730726933402,0.354166666666667,0.070366721182364,"Público","2017-2018"
"303","PT",1,0.365396509389971,0.3125,0.0110325036389328,"Público","2017-2018"
"304","PT",1,0.556086189969921,0.3125,0.201722184218883,"Público","2017-2018"
"305","PT",0.555555555555556,0.717441518603173,0.131944444444444,0.363077512852135,"Público","2017-2018"
"306","PT",0.222222222222222,0.130421634005071,0.465277777777778,0.223942371745967,"Público","2017-2018"
"307","PT",0,1,0.6875,0.645635994248962,"Público","2017-2018"
"308","PT",0,0.641418863015971,0.6875,0.287054857264933,"Público","2017-2018"
"309","PSOL",1,0.617137628662313,0.3125,0.262773622911275,"Público","2017-2018"
"310","PSDB",0.444444444444444,0.756488688517296,0.243055555555556,0.402124682766258,"Público","2017-2018"
"311","PMDB",0,0.617137628662313,0.6875,0.262773622911275,"Público","2017-2018"
"312","PSDB",1,0.434388700480418,0.3125,0.0800246947293795,"Público","2017-2018"
"313","PT",1,0.843405932448227,0.3125,0.489041926697188,"Público","2017-2018"
"314","PT",0.555555555555556,0.694211778015168,0.131944444444444,0.33984777226413,"Público","2017-2018"
"315","PSOL",0,0.458956402838956,0.6875,0.104592397087918,"Público","2017-2018"
"316","PSOL",1,0.610497566530963,0.3125,0.256133560779924,"Público","2017-2018"
"317","PT",0.555555555555556,0.167384721534977,0.131944444444444,0.186979284216061,"Público","2017-2018"
"318","PT",1,0.365396509389971,0.3125,0.0110325036389328,"Público","2017-2018"
"319","PSDB",1,0.289082211024481,0.3125,0.0652817947265577,"Público","2017-2018"
"320","PT",0.555555555555556,0.484824795464197,0.131944444444444,0.130460789713159,"Público","2017-2018"
"321","PSDB",0,0.908422841961412,0.6875,0.554058836210373,"Público","2017-2018"
"322","PT",0.777777777777778,0.503800009839826,0.0902777777777778,0.149436004088788,"Público","2017-2018"
"323","PSDB",0.555555555555556,0.677231697193109,0.131944444444444,0.322867691442071,"Público","2017-2018"
"324","PT",0.888888888888889,0.273819351351383,0.201388888888889,0.0805446543996557,"Público","2017-2018"
"325","PT",0.666666666666667,0.42701750326526,0.0208333333333334,0.0726534975142212,"Público","2017-2018"
"326","PMDB",1,1,0.3125,0.645635994248962,"Público","2017-2018"
"327","PSOL",1,0.152121861861879,0.3125,0.202242143889159,"Público","2017-2018"
"328","PT",0,0.632400488335412,0.6875,0.278036482584373,"Público","2017-2018"
"329","PSDB",0.555555555555556,0.709474637688266,0.131944444444444,0.355110631937228,"Público","2017-2018"
"330","PT",0.555555555555556,0.724737497361364,0.131944444444444,0.370373491610326,"Público","2017-2018"
"331","PT",0.555555555555556,0.47981300565116,0.131944444444444,0.125448999900122,"Público","2017-2018"
"332","PT",0.555555555555556,0.789754406874549,0.131944444444444,0.435390401123511,"Público","2017-2018"
"333","PSDB",0,0.365396509389971,0.6875,0.0110325036389328,"Público","2017-2018"
"334","PT",1,0.92368570163451,0.3125,0.569321695883471,"Público","2017-2018"
"335","PT",0.888888888888889,0.908422841961412,0.201388888888889,0.554058836210373,"Público","2017-2018"
"336","PT",0,0.759634075423634,0.6875,0.405270069672596,"Público","2017-2018"
"337","PT",0.333333333333333,0.0608487447447517,0.354166666666667,0.293515261006287,"Público","2017-2018"
"338","PT",1,0.969474280653804,0.3125,0.615110274902766,"Público","2017-2018"
"339","PT",1,0.843405932448227,0.3125,0.489041926697188,"Público","2017-2018"
"340","PT",0.666666666666667,0.181234400980575,0.0208333333333334,0.173129604770463,"Público","2017-2018"
"341","PT",1,0.617137628662313,0.3125,0.262773622911275,"Público","2017-2018"
"342","PT",1,0.348416428567912,0.3125,0.00594757718312644,"Público","2017-2018"
"343","PT",0.222222222222222,0.544159013007629,0.465277777777778,0.18979500725659,"Público","2017-2018"
"344","PSDB",0.555555555555556,0.395531826370763,0.131944444444444,0.0411678206197242,"Público","2017-2018"
"345","PSDB",0.777777777777778,0.498469193575451,0.0902777777777778,0.144105187824413,"Público","2017-2018"
"346","PT",1,0.893159982288313,0.3125,0.538795976537275,"Público","2017-2018"
"347","PT",0.111111111111111,0.633160339322776,0.576388888888889,0.278796333571737,"Público","2017-2018"
"348","PSOL",0.555555555555556,0.625497499329329,0.131944444444444,0.271133493578291,"Público","2017-2018"
"349","PT",0,0.984737140326902,0.6875,0.630373134575864,"Público","2017-2018"
"350","PT",0.888888888888889,0.626156003342873,0.201388888888889,0.271791997591835,"Público","2017-2018"
"351","PT",0,0.652135553698404,0.6875,0.297771547947366,"Público","2017-2018"
"352","PT",0.333333333333333,0.676867423344557,0.354166666666667,0.322503417593519,"Público","2017-2018"
"353","PT",0.555555555555556,0.843405932448227,0.131944444444444,0.489041926697188,"Público","2017-2018"
"354","PT",0.444444444444444,0.513732053248549,0.243055555555556,0.159368047497511,"Público","2017-2018"
"355","PT",0.222222222222222,0.724737497361364,0.465277777777778,0.370373491610326,"Público","2017-2018"
"356","PMDB",1,0.571349049643019,0.3125,0.216985043891981,"Público","2017-2018"
"357","PSOL",1,0.496199990160174,0.3125,0.141835984409136,"Público","2017-2018"
"358","PMDB",0.666666666666667,0.73299602105456,0.0208333333333334,0.378632015303521,"Público","2017-2018"
"359","PT",0.555555555555556,0.557251428852566,0.131944444444444,0.202887423101528,"Público","2017-2018"
"360","PT",0.222222222222222,0.56652755563445,0.465277777777778,0.212163549883411,"Público","2017-2018"
"361","PT",0.222222222222222,0.710697522111298,0.465277777777778,0.35633351636026,"Público","2017-2018"
"362","PT",0.333333333333333,0.735343030313508,0.354166666666667,0.380979024562469,"Público","2017-2018"
"363","PT",0.444444444444444,0.850805845566941,0.243055555555556,0.496441839815903,"Público","2017-2018"
"364","PMDB",0.888888888888889,1,0.201388888888889,0.645635994248962,"Público","2017-2018"
"365","PSDB",0.555555555555556,0.409467867260304,0.131944444444444,0.0551038615092659,"Público","2017-2018"
"366","PT",0.777777777777778,0.549854103120555,0.0902777777777778,0.195490097369517,"Público","2017-2018"
"367","PT",0.555555555555556,0.587473107277302,0.131944444444444,0.233109101526263,"Público","2017-2018"
"368","PT",1,0.540823330296823,0.3125,0.186459324545785,"Público","2017-2018"
"369","PT",0.333333333333333,0.463879243821346,0.354166666666667,0.109515238070307,"Público","2017-2018"
"370","PSOL",0.777777777777778,0.797617353428932,0.0902777777777778,0.443253347677894,"Público","2017-2018"
"371","PT",0.777777777777778,0.576401953502786,0.0902777777777778,0.222037947751748,"Público","2017-2018"
"372","PT",0,0,0.6875,0.354364005751038,"Público","2017-2018"
"373","PMDB",0.555555555555556,0.843405932448227,0.131944444444444,0.489041926697188,"Público","2017-2018"
"374","PT",1,0.617137628662313,0.3125,0.262773622911275,"Público","2017-2018"
"375","PT",1,0.85401146540037,0.3125,0.499647459649332,"Público","2017-2018"
"376","PT",1,0.632400488335412,0.3125,0.278036482584373,"Público","2017-2018"
"377","PT",0,0.727943117194793,0.6875,0.373579111443754,"Público","2017-2018"
"378","PT",0.777777777777778,0.788994555887185,0.0902777777777778,0.434630550136147,"Público","2017-2018"
"379","PSDB",1,0.513732053248549,0.3125,0.159368047497511,"Público","2017-2018"
"380","PT",0,0.73656591473654,0.6875,0.382201908985502,"Público","2017-2018"
"381","PSDB",1,0.48112483890484,0.3125,0.126760833153802,"Público","2017-2018"
"382","PT",0,0.617137628662313,0.6875,0.262773622911275,"Público","2017-2018"
"383","PT",0,0.751828774409638,0.6875,0.3974647686586,"Público","2017-2018"
"384","PT",1,0.828143072775128,0.3125,0.47377906702409,"Público","2017-2018"
"385","PT",1,0.196497260653673,0.3125,0.157866745097365,"Público","2017-2018"
"386","PT",0,0.851664456141422,0.6875,0.497300450390384,"Público","2017-2018"
"387","PT",0,1,0.6875,0.645635994248962,"Público","2017-2018"
"388","PSDB",0.777777777777778,0.843405932448227,0.0902777777777778,0.489041926697188,"Público","2017-2018"
"389","PT",0.555555555555556,0.717733161381461,0.131944444444444,0.363369155630423,"Público","2017-2018"
"390","PT",0,0.694211778015168,0.6875,0.33984777226413,"Público","2017-2018"
"391","PMDB",0.777777777777778,0.54446305392909,0.0902777777777778,0.190099048178051,"Público","2017-2018"
"392","PT",1,0.350133649716873,0.3125,0.00423035603416538,"Público","2017-2018"
"393","PT",0.555555555555556,0.61912036407271,0.131944444444444,0.264756358321672,"Público","2017-2018"
"394","PT",0.555555555555556,0.828143072775128,0.131944444444444,0.47377906702409,"Público","2017-2018"
"395","PT",1,0.969474280653804,0.3125,0.615110274902766,"Público","2017-2018"
"396","PT",0,0.908422841961412,0.6875,0.554058836210373,"Público","2017-2018"
"397","PT",0.555555555555556,0.792330238597991,0.131944444444444,0.437966232846952,"Público","2017-2018"
"398","PT",1,0.365396509389971,0.3125,0.0110325036389328,"Público","2017-2018"
"399","PT",0.555555555555556,0.984737140326902,0.131944444444444,0.630373134575864,"Público","2017-2018"
"400","PT",0.75,0.436584732605829,NA,NA,"Elite","2017-2018"
"401","PT",0,0,NA,NA,"Elite","2017-2018"
"402","PT",0.5,0.394946054462848,NA,NA,"Elite","2017-2018"
"403","PT",0,0,NA,NA,"Elite","2017-2018"
"404","PT",0.75,0.333277356285963,NA,NA,"Elite","2017-2018"
"405","PT",0.75,0.124916034428944,NA,NA,"Elite","2017-2018"
"406","PT",0.5,0.0832773562859628,NA,NA,"Elite","2017-2018"
"407","PT",0.5,0.187166922344925,NA,NA,"Elite","2017-2018"
"408","PT",0.5,0.187166922344925,NA,NA,"Elite","2017-2018"
"409","PT",0.25,0.0416386781429814,NA,NA,"Elite","2017-2018"
"410","PT",0.25,0.0416386781429814,NA,NA,"Elite","2017-2018"
"411","PT",0.5,0.187166922344925,NA,NA,"Elite","2017-2018"
"412","PT",1,0.166554712571926,NA,NA,"Elite","2017-2018"
"413","PT",0.25,0.145528244201943,NA,NA,"Elite","2017-2018"
"414","PT",0.5,0.187166922344925,NA,NA,"Elite","2017-2018"
"415","PT",0.75,0.228805600487906,NA,NA,"Elite","2017-2018"
"416","PMDB",0.75,0.124916034428944,NA,NA,"Elite","2017-2018"
"417","PMDB",1,0.583859546025058,NA,NA,"Elite","2017-2018"
"418","PMDB",1,0.374916034428944,NA,NA,"Elite","2017-2018"
"419","PMDB",0.5,0.0832773562859628,NA,NA,"Elite","2017-2018"
"420","PMDB",1,0.478223410748811,NA,NA,"Elite","2017-2018"
"421","PMDB",0.5,0.396110433941038,NA,NA,"Elite","2017-2018"
"422","PMDB",1,0.791638678142981,NA,NA,"Elite","2017-2018"
"423","PMDB",1,0.166554712571926,NA,NA,"Elite","2017-2018"
"424","PMDB",0.75,0.228805600487906,NA,NA,"Elite","2017-2018"
"425","PMDB",1,0.582112976807772,NA,NA,"Elite","2017-2018"
"426","PMDB",1,0.584441735764153,NA,NA,"Elite","2017-2018"
"427","PMDB",1,0.791056488403886,NA,NA,"Elite","2017-2018"
"428","PMDB",1,0.582695166546868,NA,NA,"Elite","2017-2018"
"429","PMDB",0.5,0.812833077655075,NA,NA,"Elite","2017-2018"
"430","PMDB",0.75,0.333277356285963,NA,NA,"Elite","2017-2018"
"431","PSDB",1,0.479969979966096,NA,NA,"Elite","2017-2018"
"432","PSDB",1,0.478223410748811,NA,NA,"Elite","2017-2018"
"433","PSDB",1,0.166554712571926,NA,NA,"Elite","2017-2018"
"434","PSDB",0.25,0.666722643714037,NA,NA,"Elite","2017-2018"
"435","PSDB",1,1,NA,NA,"Elite","2017-2018"
"436","PSDB",0.75,0.333859546025058,NA,NA,"Elite","2017-2018"
"437","PSDB",1,0.270444278630887,NA,NA,"Elite","2017-2018"
"438","PSDB",0.75,0.124916034428944,NA,NA,"Elite","2017-2018"
"439","PSDB",1,0.583859546025058,NA,NA,"Elite","2017-2018"
"440","PSDB",1,0.270444278630887,NA,NA,"Elite","2017-2018"
"441","PSDB",1,0.895528244201943,NA,NA,"Elite","2017-2018"
"442","PSDB",1,0.270444278630887,NA,NA,"Elite","2017-2018"
"443","PSDB",1,0.478223410748811,NA,NA,"Elite","2017-2018"
"444","PSDB",1,0.270444278630887,NA,NA,"Elite","2017-2018"
"445","PSDB",0.5,0.394946054462848,NA,NA,"Elite","2017-2018"
"446","PSDB",1,0.374916034428944,NA,NA,"Elite","2017-2018"
"447","PSDB",1,0.374916034428944,NA,NA,"Elite","2017-2018"
"448","PSDB",0,0.624501775831961,NA,NA,"Elite","2017-2018"
"449","PSDB",0.5,0.0832773562859628,NA,NA,"Elite","2017-2018"
"450","PSDB",1,1,NA,NA,"Elite","2017-2018"
"451","PSDB",0.75,0.958361321857019,NA,NA,"Elite","2017-2018"
"452","PSOL",0,0,NA,NA,"Elite","2017-2018"
"453","PSOL",0,0,NA,NA,"Elite","2017-2018"
"454","PSOL",0,0,NA,NA,"Elite","2017-2018"
"455","PSOL",0.5,0.0832773562859628,NA,NA,"Elite","2017-2018"
