"","E179WVS","E036","F118","F120","F028","F121"
"1",5,5,10,10,8,10
"2",-1,5,4,5,7,4
"3",-1,5,1,-1,1,-1
"4",-1,4,5,5,7,4
"5",76002,1,1,1,7,8
"6",76002,10,10,5,4,5
"7",-1,5,8,1,6,10
"8",-1,2,4,6,1,5
"9",-1,-1,1,1,1,-1
"10",-1,5,5,1,2,5
"11",-1,6,1,1,2,1
"12",76002,10,7,8,7,7
"13",76002,1,8,1,2,10
"14",-1,6,10,1,8,5
"15",-2,1,10,1,7,10
"16",-1,5,5,5,7,5
"17",-1,10,7,5,7,5
"18",76003,8,1,10,4,10
"19",76003,8,5,1,2,7
"20",-1,10,10,1,2,5
"21",76003,2,3,7,7,2
"22",-1,10,1,1,8,10
"23",-1,1,4,4,2,4
"24",-1,-1,-1,1,2,10
"25",-1,10,-1,-1,1,1
"26",-1,7,10,7,2,8
"27",5,5,5,1,2,5
"28",-1,-1,1,1,1,10
"29",-1,7,-1,1,1,5
"30",-1,1,5,5,8,5
"31",-2,3,9,8,8,9
"32",76002,5,2,1,7,9
"33",76002,10,7,8,1,8
"34",-1,10,10,1,3,5
"35",-2,-1,4,-1,2,10
"36",-1,10,1,4,1,3
"37",-1,-1,-1,1,1,-1
"38",5,5,5,5,7,5
"39",5,8,-1,-1,1,-1
"40",-1,1,-1,-1,-1,-1
"41",-2,4,8,1,8,5
"42",76002,9,7,5,2,9
"43",-2,10,10,1,7,9
"44",76002,10,10,9,2,10
"45",-1,5,1,1,8,-1
"46",5,1,6,3,8,10
"47",-1,5,6,1,7,10
"48",-1,5,10,1,8,10
"49",-1,-1,-1,1,1,-1
"50",-1,10,5,1,2,5
"51",5,5,8,9,2,8
"52",-2,5,4,2,7,3
"53",-1,7,10,8,8,10
"54",5,7,10,10,8,10
"55",5,1,10,1,1,10
"56",76003,6,8,1,8,10
"57",-1,10,1,1,-1,7
"58",-1,8,5,1,1,4
"59",-1,1,10,10,2,10
"60",5,9,1,1,1,1
"61",76002,1,1,1,1,1
"62",76015,1,10,3,1,10
"63",76002,9,9,1,7,6
"64",76002,5,5,3,7,7
"65",-1,10,9,1,6,5
"66",76002,3,4,6,7,3
"67",76002,-1,1,1,1,1
"68",-1,1,1,1,2,1
"69",-1,5,1,1,2,5
"70",-1,6,6,7,3,7
"71",76002,7,10,5,8,9
"72",-1,5,5,5,2,10
"73",-1,5,1,1,7,1
"74",-1,1,10,8,7,10
"75",-2,7,1,1,2,10
"76",5,5,3,1,1,7
"77",76002,3,3,4,-1,3
"78",-2,5,5,1,3,1
"79",5,5,-1,5,7,5
"80",76003,1,1,1,7,1
"81",76003,6,10,1,7,8
"82",-2,6,10,8,2,10
"83",-1,4,8,1,6,8
"84",-1,6,6,7,3,6
"85",-1,10,1,1,7,10
"86",76002,1,5,1,1,1
"87",-2,1,-1,-1,8,-1
"88",-2,5,8,1,2,7
"89",-1,5,9,1,7,8
"90",-1,5,8,1,7,8
"91",-2,3,10,7,7,7
"92",76002,9,2,1,7,1
"93",-1,5,9,5,8,5
"94",-1,-1,5,4,7,6
"95",-2,4,10,5,6,5
"96",76002,6,10,1,1,4
"97",76002,10,10,1,1,10
"98",-1,10,1,1,1,5
"99",-1,5,10,5,3,8
"100",-1,10,5,-1,7,10
"101",76002,10,10,5,6,10
"102",76002,10,1,10,2,10
"103",-1,5,5,7,2,10
"104",5,1,5,2,1,5
"105",-1,1,1,1,7,1
"106",-1,1,1,6,7,7
"107",5,6,7,7,2,4
"108",5,10,1,1,8,1
"109",-1,5,1,1,1,1
"110",-1,6,10,10,7,10
"111",-1,4,4,4,2,4
"112",-1,10,1,1,1,1
"113",76026,10,1,1,2,1
"114",76002,10,10,8,2,10
"115",5,1,-1,1,7,5
"116",76001,5,5,3,3,5
"117",-2,1,7,4,7,8
"118",-1,7,6,1,7,8
"119",-1,1,-1,1,2,5
"120",76002,5,7,1,3,5
"121",76003,7,5,3,7,8
"122",-1,6,10,5,7,2
"123",-2,5,10,1,7,10
"124",-1,5,-1,1,7,5
"125",-1,5,5,1,2,1
"126",-1,-1,6,6,8,9
"127",-2,5,10,1,8,1
"128",-1,10,-1,-1,2,-1
"129",-1,10,8,1,4,8
"130",-1,10,1,5,7,4
"131",-1,5,5,5,3,5
"132",76002,1,1,1,1,1
"133",-1,1,10,10,8,10
"134",5,1,7,7,1,10
"135",-1,10,5,1,7,10
"136",-1,10,5,5,1,10
"137",76002,7,7,1,2,5
"138",76002,1,-2,1,7,10
"139",5,1,1,1,1,1
"140",-2,2,5,5,7,5
"141",-1,5,10,1,1,10
"142",-1,1,1,1,7,5
"143",-1,6,5,1,7,10
"144",5,1,2,1,7,10
"145",76003,10,6,1,8,8
"146",76002,1,1,1,2,1
"147",5,5,3,5,7,9
"148",76003,1,1,1,1,1
"149",5,5,1,3,7,7
"150",-1,10,1,1,1,1
"151",5,10,5,1,2,10
"152",-2,2,-2,4,3,10
"153",-1,1,10,-1,8,-1
"154",76002,10,6,1,6,4
"155",76002,4,5,2,2,5
"156",76004,4,4,4,-1,3
"157",76015,3,3,3,3,3
"158",-2,5,10,7,7,7
"159",-1,5,1,1,3,6
"160",-1,5,8,6,2,7
"161",76002,5,1,1,7,10
"162",5,1,10,10,8,10
"163",-1,1,2,1,1,7
"164",5,5,10,7,1,7
"165",-1,10,1,1,1,10
"166",76002,10,10,1,3,10
"167",-1,6,1,6,-2,7
"168",-1,5,3,3,7,3
"169",-1,5,-1,1,6,9
"170",76002,1,1,5,7,10
"171",-1,5,5,-1,2,9
"172",5,10,1,1,-1,1
"173",-1,8,1,1,7,1
"174",-2,10,-1,5,2,10
"175",76002,1,10,1,3,10
"176",76002,1,10,7,8,10
"177",76001,6,7,6,2,7
"178",-2,5,10,10,7,10
"179",-1,10,7,5,6,5
"180",76028,3,6,1,1,2
"181",-1,5,1,1,7,9
"182",76015,8,10,5,8,10
"183",76002,5,2,8,8,9
"184",-1,1,-1,1,7,10
"185",-1,10,1,1,2,10
"186",5,1,3,2,3,4
"187",-1,1,8,3,3,6
"188",-1,9,10,7,8,10
"189",-1,-1,5,5,8,5
"190",76003,5,6,6,2,6
"191",76002,10,9,8,2,8
"192",-1,-1,10,1,8,10
"193",-1,10,-1,1,6,1
"194",76002,5,1,1,2,1
"195",-1,8,9,1,2,1
"196",76002,7,-1,-1,3,5
"197",-1,-1,-1,5,2,5
"198",-1,10,10,1,3,7
"199",-1,10,10,1,7,10
"200",76028,5,10,5,4,5
"201",-1,5,10,1,2,10
"202",-1,6,5,10,8,10
"203",-1,5,6,6,7,6
"204",76002,1,1,1,1,1
"205",76002,5,3,1,2,1
"206",76003,10,10,1,7,10
"207",-1,5,1,1,2,1
"208",-1,5,-1,5,2,10
"209",76003,2,-1,1,1,10
"210",-1,9,-1,-1,8,10
"211",-1,1,10,1,6,10
"212",-1,1,1,1,-1,1
"213",-1,5,1,1,8,5
"214",5,10,1,5,1,5
"215",-1,8,10,1,7,10
"216",-1,10,10,1,7,1
"217",76002,1,1,1,6,1
"218",5,7,10,1,7,10
"219",-2,10,10,-1,2,10
"220",76002,4,4,5,6,5
"221",-2,5,5,8,8,8
"222",76002,10,10,8,8,10
"223",-2,-2,1,-1,2,-1
"224",76002,10,5,1,1,1
"225",76015,10,5,1,7,10
"226",-1,10,10,10,8,10
"227",-1,-1,10,1,3,10
"228",5,1,10,1,1,10
"229",76002,5,10,10,8,10
"230",76002,9,2,6,1,6
"231",-1,5,-2,-1,2,10
"232",-2,5,-1,-1,2,-1
"233",-1,10,-1,-1,7,-1
"234",-2,-1,-1,-1,1,-1
"235",-1,5,1,1,1,1
"236",-1,3,10,10,8,10
"237",5,1,1,1,7,5
"238",76002,1,10,1,7,10
"239",-1,1,-2,5,7,10
"240",-1,5,2,5,7,10
"241",76002,5,3,4,2,5
"242",-1,10,10,1,3,10
"243",-1,5,-1,1,1,5
"244",-1,5,1,1,3,1
"245",-1,5,5,4,2,5
"246",-1,1,4,1,3,1
"247",76002,-1,-1,10,7,10
"248",76028,1,10,8,3,9
"249",5,5,7,1,6,5
"250",76028,1,7,1,8,6
"251",-1,4,1,1,2,1
"252",-1,-1,10,5,6,5
"253",76005,4,4,4,2,4
"254",76002,5,6,1,7,7
"255",5,5,2,1,1,3
"256",-1,-1,-1,1,7,10
"257",-1,-1,10,10,8,10
"258",-2,-1,1,5,1,3
"259",76004,1,10,10,8,9
"260",-1,5,1,1,2,5
"261",-1,7,2,1,7,1
"262",76001,5,5,4,-1,4
"263",-2,9,1,3,2,6
"264",-1,5,1,1,7,5
"265",-1,10,1,1,2,10
"266",76002,10,1,1,2,10
"267",-1,2,10,6,4,10
"268",76002,10,10,1,3,10
"269",-1,10,10,1,2,-1
"270",76001,7,3,1,3,5
"271",5,6,5,5,7,7
"272",76002,5,5,5,3,5
"273",-1,3,1,1,3,5
"274",-1,1,1,1,7,1
"275",-1,4,9,7,2,10
"276",76002,6,-1,6,8,8
"277",76002,2,10,5,7,5
"278",-2,10,8,7,2,7
"279",76028,2,1,1,7,10
"280",76029,10,10,10,7,5
"281",-1,6,10,3,4,1
"282",5,10,1,1,2,1
"283",-2,1,10,10,2,10
"284",76003,5,5,2,4,2
"285",-2,1,5,1,6,5
"286",-1,10,10,1,1,10
"287",76002,1,1,5,2,5
"288",76002,10,1,1,7,10
"289",76002,5,5,5,7,1
"290",-1,5,5,5,8,5
"291",76004,4,5,1,3,5
"292",76002,-1,9,2,3,9
"293",-1,5,-1,-1,7,-1
"294",76002,5,1,1,2,3
"295",-1,8,8,4,7,10
"296",-1,1,5,1,2,10
"297",-1,1,4,1,3,9
"298",-1,10,10,1,7,10
"299",-1,10,3,2,3,3
"300",76002,10,10,10,-2,10
"301",5,1,10,5,8,10
"302",-2,10,-2,8,8,10
"303",-1,7,9,7,3,3
"304",76029,4,5,1,1,6
"305",76003,5,5,1,1,6
"306",-1,-1,-1,-1,7,-1
"307",5,5,10,2,1,5
"308",-2,2,4,1,7,1
"309",-1,8,8,6,2,7
"310",-1,1,10,1,7,10
"311",-2,9,1,1,3,1
"312",5,10,8,1,7,10
"313",-1,1,8,3,2,10
"314",76002,8,1,1,7,10
"315",-2,4,1,1,1,1
"316",76002,10,6,1,3,8
"317",-1,10,-1,-1,1,-1
"318",76002,10,10,5,7,10
"319",5,4,3,3,2,3
"320",-2,-1,5,1,7,10
"321",76002,9,5,1,2,5
"322",76002,3,3,4,4,4
"323",76002,10,1,1,7,1
"324",5,1,1,1,7,5
"325",-1,5,1,1,2,1
"326",-1,5,5,5,2,5
"327",76002,1,1,1,1,1
"328",-2,7,2,3,8,3
"329",76003,5,4,2,2,5
"330",-1,-1,10,4,7,10
"331",-2,1,1,1,2,1
"332",-1,4,10,10,8,10
"333",76002,10,10,1,6,10
"334",76002,5,5,4,3,5
"335",-2,5,1,1,1,7
"336",-2,1,-1,-1,7,6
"337",-1,1,5,5,2,10
"338",76002,4,8,5,7,8
"339",76002,10,10,5,1,10
"340",-1,1,5,1,2,5
"341",-1,5,5,1,4,5
"342",5,1,-2,1,2,10
"343",76002,1,10,-1,1,-1
"344",76002,10,1,1,7,5
"345",-1,5,-1,1,3,10
"346",76003,5,10,10,2,8
"347",76002,8,10,10,8,10
"348",-1,10,-1,1,1,8
"349",-2,1,1,1,1,1
"350",-1,7,-1,5,1,10
"351",-1,5,5,2,3,5
"352",76003,8,1,5,2,5
"353",-1,5,5,3,3,3
"354",-1,1,1,1,2,7
"355",76002,6,7,8,4,8
"356",5,5,1,5,1,5
"357",76002,5,10,1,7,8
"358",76002,10,-1,5,7,10
"359",-1,4,7,1,6,5
"360",-2,10,-2,-1,7,10
"361",-2,-1,6,10,7,10
"362",-1,7,8,2,4,8
"363",-1,5,1,1,3,1
"364",5,1,8,8,7,8
"365",-1,1,10,6,7,10
"366",76005,4,3,3,3,3
"367",-1,2,10,1,1,7
"368",-1,10,-1,-1,1,-1
"369",-2,10,7,3,2,3
"370",76002,8,10,1,7,5
"371",5,5,5,5,1,5
"372",-1,5,6,2,1,4
"373",-1,1,4,1,1,8
"374",-1,7,7,4,3,2
"375",76002,10,10,1,2,10
"376",76002,3,7,8,2,7
"377",-1,1,1,1,2,8
"378",76028,-1,1,6,3,5
"379",-1,1,10,1,8,1
"380",5,3,10,7,7,9
"381",-1,5,4,1,1,5
"382",76002,10,1,1,1,1
"383",-1,10,-1,1,2,5
"384",-1,7,10,1,6,10
"385",76002,9,9,5,7,10
"386",76015,1,1,1,1,4
"387",76002,10,1,1,1,1
"388",5,6,7,6,2,8
"389",76002,2,9,1,2,9
"390",-1,10,10,1,7,5
"391",76002,3,1,5,6,10
"392",-1,5,10,10,8,10
"393",-1,5,8,1,7,-1
"394",-1,5,-2,2,7,10
"395",76005,5,9,1,3,8
"396",76002,1,-1,1,3,-1
"397",76004,6,7,5,2,4
"398",76002,10,6,1,7,6
"399",-2,5,-1,1,4,-1
"400",5,5,-1,1,2,8
"401",-1,1,1,1,8,10
"402",-1,4,5,6,3,9
"403",-1,1,6,1,3,8
"404",-2,7,1,1,7,1
"405",76003,1,1,1,1,1
"406",-1,5,10,1,6,10
"407",-2,3,-2,1,3,5
"408",-1,10,10,1,2,10
"409",76004,2,10,1,4,5
"410",-1,6,6,1,7,8
"411",76002,-1,8,8,1,6
"412",76002,9,1,3,7,7
"413",76002,8,1,1,7,7
"414",5,1,8,3,2,3
"415",76015,10,6,1,1,8
"416",-2,5,1,1,2,1
"417",-2,4,9,3,8,10
"418",76002,1,10,10,6,10
"419",-1,5,1,1,1,1
"420",-1,1,7,5,7,10
"421",76029,8,10,10,8,10
"422",-1,10,5,1,3,5
"423",5,3,2,1,7,5
"424",-1,1,5,1,3,5
"425",-1,-1,10,1,2,10
"426",-2,5,8,4,7,10
"427",76002,1,1,1,7,10
"428",-1,5,10,10,7,5
"429",76015,10,1,1,7,5
"430",-1,10,1,1,7,5
"431",-1,10,10,1,8,10
"432",5,8,5,10,7,10
"433",-2,6,1,1,2,6
"434",76001,7,10,10,7,10
"435",76002,1,5,1,3,5
"436",-1,5,10,5,8,10
"437",-1,4,5,5,8,8
"438",-1,1,1,2,1,5
"439",-2,4,9,1,8,9
"440",5,1,5,1,2,5
"441",-1,5,5,1,1,5
"442",-1,1,-1,5,7,5
"443",76002,1,10,10,3,10
"444",-1,1,-2,1,2,1
"445",76029,7,1,1,8,5
"446",5,10,5,5,2,10
"447",-1,1,-1,1,2,7
"448",5,10,1,1,2,1
"449",76002,9,1,1,7,10
"450",-2,8,5,1,1,1
"451",-1,10,-1,4,2,6
"452",-1,1,5,1,7,5
"453",5,5,5,1,7,5
"454",-1,10,1,1,2,1
"455",-2,5,1,1,4,1
"456",-2,10,1,1,1,10
"457",76002,1,-2,1,3,8
"458",-1,9,10,1,3,10
"459",76002,10,-1,-1,6,5
"460",-1,10,-1,-1,2,-1
"461",76002,3,10,5,7,10
"462",-1,1,1,1,7,10
"463",76015,1,5,3,3,5
"464",-1,3,2,1,2,5
"465",-1,6,5,5,7,5
"466",76002,5,10,5,7,9
"467",-2,1,1,1,7,8
"468",-2,5,10,1,1,8
"469",5,1,1,10,7,10
"470",76002,8,8,4,6,7
"471",-2,6,4,3,2,-1
"472",-1,10,10,1,1,10
"473",-1,5,5,5,2,8
"474",76002,1,10,1,1,10
"475",-1,3,4,1,7,5
"476",76002,5,5,1,6,1
"477",-1,6,8,1,1,1
"478",76003,9,10,1,4,8
"479",76002,5,10,5,7,5
"480",76029,1,10,1,7,10
"481",-2,5,1,1,2,5
"482",76002,10,10,1,7,10
"483",5,10,1,1,2,1
"484",-2,3,8,1,8,10
"485",76002,1,5,5,3,10
"486",-2,1,1,1,7,1
"487",-1,5,7,3,2,5
"488",-1,4,4,1,7,5
"489",5,5,10,1,7,7
"490",76002,4,1,1,6,10
"491",76002,5,4,5,3,5
"492",-1,5,9,1,7,7
"493",76002,10,5,1,4,10
"494",-2,5,1,1,2,7
"495",-1,1,10,1,2,10
"496",76026,1,10,1,4,10
"497",5,3,8,4,4,6
"498",-1,6,1,1,1,1
"499",5,4,-1,5,2,5
"500",76002,-1,5,5,2,5
"501",-1,4,10,1,7,1
"502",-2,7,5,1,6,10
"503",-1,10,-1,1,-1,10
"504",76002,5,10,10,2,10
"505",5,5,10,10,7,10
"506",5,5,1,1,1,1
"507",-1,8,10,7,7,7
"508",76002,9,1,1,1,1
"509",76002,5,1,1,1,5
"510",5,1,1,1,1,6
"511",-2,1,10,1,3,-1
"512",76002,6,1,1,1,8
"513",-1,7,6,7,4,4
"514",-2,1,5,4,6,5
"515",-1,6,9,2,1,6
"516",-1,1,9,1,7,10
"517",76002,1,1,1,7,1
"518",5,10,10,1,7,5
"519",-1,5,1,1,1,5
"520",76002,-1,-1,-1,3,-1
"521",-1,1,10,1,2,10
"522",-2,1,1,1,8,10
"523",-1,1,-2,5,8,8
"524",-1,10,-1,1,1,5
"525",-1,1,10,5,7,5
"526",-1,5,5,-1,7,10
"527",76003,3,-1,1,1,7
"528",-1,-2,-1,1,7,-1
"529",-1,-1,-2,-2,2,10
"530",5,5,5,1,2,5
"531",5,1,6,1,7,6
"532",76002,6,2,4,8,2
"533",76002,10,1,1,1,1
"534",76001,1,10,1,1,1
"535",-1,1,1,1,8,1
"536",76002,5,1,1,1,1
"537",-1,1,10,1,2,9
"538",76003,1,10,5,6,5
"539",76002,7,-1,-1,3,-1
"540",-1,1,1,1,1,10
"541",-1,1,10,7,7,10
"542",76002,10,10,4,8,10
"543",-1,7,-1,5,7,10
"544",-1,1,10,5,7,10
"545",5,-1,8,3,2,8
"546",-1,10,1,5,7,10
"547",-1,8,10,1,7,10
"548",76002,1,10,1,1,1
"549",76001,4,4,5,2,4
"550",-2,1,5,5,2,5
"551",5,5,5,1,1,4
"552",-1,10,10,1,2,10
"553",-1,5,1,1,2,1
"554",-1,1,6,1,7,-1
"555",76002,8,5,1,1,5
"556",76029,3,10,5,7,10
"557",5,2,5,1,7,2
"558",5,1,6,4,3,5
"559",-1,1,10,2,7,10
"560",-2,1,1,1,7,1
"561",-1,1,5,1,1,10
"562",76003,10,1,1,2,10
"563",-2,1,1,1,7,5
"564",76028,3,5,1,1,5
"565",-1,10,1,1,2,1
"566",-2,1,6,1,7,6
"567",76003,5,-1,1,8,8
"568",76002,2,7,5,4,5
"569",76003,5,1,1,7,10
"570",-1,5,10,10,8,10
"571",-2,1,1,1,7,10
"572",-1,4,5,7,2,3
"573",-1,1,10,5,8,10
"574",76002,5,6,3,3,7
"575",-1,5,5,1,7,10
"576",-1,10,1,1,7,10
"577",-1,10,5,1,7,8
"578",-1,10,1,1,1,5
"579",-1,9,-1,1,2,10
"580",-1,5,5,1,6,5
"581",76002,1,3,1,8,5
"582",76026,10,1,10,1,10
"583",-1,1,7,1,2,8
"584",-2,6,5,4,4,5
"585",76002,1,1,5,7,9
"586",76028,5,5,5,7,5
"587",5,5,1,1,1,1
"588",-2,1,5,1,1,5
"589",-1,5,3,1,3,10
"590",5,10,5,10,8,10
"591",-1,5,8,1,3,7
"592",-1,10,6,1,3,10
"593",76003,9,2,1,1,2
"594",-1,4,-1,1,2,-1
"595",76002,3,9,1,8,10
"596",5,1,6,1,3,6
"597",-1,1,10,1,1,10
"598",-1,8,10,1,2,5
"599",-1,5,9,1,4,10
"600",-1,6,-1,1,4,-1
"601",5,5,5,5,8,5
"602",76028,10,1,1,7,5
"603",-1,3,9,3,3,9
"604",76002,-1,8,1,7,9
"605",-1,5,4,1,3,8
"606",76002,5,5,1,7,7
"607",76002,5,5,5,2,5
"608",76002,10,1,1,1,1
"609",76002,4,4,4,7,5
"610",-2,-1,6,1,2,4
"611",76002,5,5,4,2,4
"612",76003,1,-1,-1,8,10
"613",-1,9,5,1,2,6
"614",76015,10,3,1,7,6
"615",-1,2,1,1,7,1
"616",76002,4,1,1,2,7
"617",-1,1,9,1,3,10
"618",-1,5,6,1,1,2
"619",-1,10,1,1,1,1
"620",-1,5,5,1,1,3
"621",-1,5,1,1,1,5
"622",-2,8,-1,1,8,1
"623",76003,1,1,1,3,1
"624",-1,10,1,1,2,2
"625",-1,5,7,1,2,8
"626",76002,10,1,1,2,1
"627",5,6,-2,1,4,-2
"628",76002,8,-1,7,3,5
"629",76029,5,-1,10,3,10
"630",76002,5,5,10,1,10
"631",-1,1,1,1,6,1
"632",-1,10,6,1,1,5
"633",-1,1,5,1,6,1
"634",-2,9,1,1,3,1
"635",-2,4,1,1,7,10
"636",-1,10,1,1,7,8
"637",5,1,5,1,1,5
"638",76002,4,8,2,7,10
"639",-1,5,-1,2,1,10
"640",-2,10,1,1,8,10
"641",76009,1,1,1,6,5
"642",76002,1,-1,-2,7,-1
"643",-1,8,7,5,2,4
"644",-2,4,1,1,1,5
"645",76002,7,1,1,1,1
"646",-1,3,5,2,1,7
"647",-1,5,-1,-1,8,-1
"648",-1,5,10,5,7,10
"649",76002,6,5,5,7,6
"650",-1,5,10,5,2,5
"651",-1,5,-2,10,3,10
"652",-2,1,1,1,3,5
"653",-2,7,8,3,7,1
"654",-1,4,5,4,2,5
"655",76028,10,1,1,7,10
"656",-1,5,1,1,2,5
"657",76002,10,-1,10,3,10
"658",-1,1,5,1,2,1
"659",-1,4,3,5,3,7
"660",-1,7,7,4,3,3
"661",-1,7,3,4,4,5
"662",-1,5,5,4,2,5
"663",-1,5,5,5,2,5
"664",5,3,10,3,3,8
"665",76001,-1,5,5,2,6
"666",-1,10,5,1,7,5
"667",-1,6,1,2,1,4
"668",76003,5,5,1,6,5
"669",-1,10,1,1,7,5
"670",76002,3,4,1,1,5
"671",5,-1,1,1,7,1
"672",76029,5,10,8,7,10
"673",76029,1,10,1,1,1
"674",76002,10,3,1,3,5
"675",-1,4,5,2,2,3
"676",76002,5,10,5,7,10
"677",76002,10,5,1,3,5
"678",5,1,10,5,7,5
"679",76002,5,10,1,2,10
"680",-1,4,5,6,3,6
"681",-2,10,-1,-2,-2,-2
"682",76002,10,5,1,1,10
"683",-2,5,-1,1,7,10
"684",-1,10,1,1,2,7
"685",-2,5,1,1,1,-1
"686",76002,6,1,1,1,3
"687",-1,1,-1,1,7,10
"688",76002,10,-1,4,3,10
"689",-1,5,10,1,6,10
"690",76003,7,3,1,3,1
"691",76002,1,5,1,2,10
"692",-2,2,10,1,1,5
"693",76002,1,10,2,3,8
"694",-1,3,8,2,7,8
"695",76028,1,1,8,7,6
"696",76009,6,9,7,2,5
"697",5,1,5,3,6,6
"698",-1,10,10,1,3,10
"699",-1,8,1,1,7,10
"700",-2,1,10,1,2,6
"701",-1,-2,-2,10,2,7
"702",76002,5,1,1,6,5
"703",-1,5,1,1,7,4
"704",-2,1,6,8,2,10
"705",-1,1,-1,5,8,5
"706",-1,10,10,1,2,10
"707",-1,8,8,6,7,6
"708",76002,10,9,1,1,9
"709",-1,5,-2,-1,3,-1
"710",-1,9,1,1,1,1
"711",-1,1,5,1,1,5
"712",76029,2,10,1,2,10
"713",-2,1,-2,-2,-2,-2
"714",-2,2,5,1,2,7
"715",5,1,10,1,7,10
"716",-1,7,5,1,2,10
"717",76003,8,1,5,2,10
"718",76002,10,1,1,8,10
"719",-1,1,-2,1,7,5
"720",76002,5,10,1,8,1
"721",-1,6,10,1,2,10
"722",-1,10,1,10,8,5
"723",76002,10,6,1,2,5
"724",-1,8,7,7,6,8
"725",76002,1,1,1,3,10
"726",-1,10,1,1,3,8
"727",-1,1,1,1,8,5
"728",76029,8,5,5,3,7
"729",-1,5,6,1,1,5
"730",-1,6,5,5,2,8
"731",76002,5,10,1,7,10
"732",-1,1,10,10,8,10
"733",-1,1,8,1,2,10
"734",-2,2,5,1,1,5
"735",76002,5,7,7,2,7
"736",-1,9,1,1,3,10
"737",-1,10,3,1,2,1
"738",-2,8,4,1,4,4
"739",-1,1,8,5,3,5
"740",76002,5,-1,5,7,9
"741",76002,1,1,1,3,10
"742",-1,1,10,1,4,10
"743",-1,1,5,1,1,5
"744",5,7,5,5,2,6
"745",76002,1,5,5,7,5
"746",-1,2,-1,3,3,9
"747",-2,5,10,10,4,10
"748",-2,10,1,1,7,5
"749",-1,5,-1,5,8,10
"750",76002,10,1,1,7,10
"751",76028,-2,1,1,2,10
"752",-1,4,6,5,3,5
"753",-2,1,-2,-2,3,-1
"754",76002,10,1,1,2,1
"755",-2,3,-2,1,2,1
"756",-2,10,1,1,1,6
"757",76029,1,8,6,3,8
"758",-2,10,6,10,7,10
"759",-1,1,1,1,2,1
"760",5,4,10,1,2,10
"761",-2,2,5,1,1,5
"762",-2,4,10,1,2,10
"763",76002,10,6,1,2,6
"764",-1,1,10,1,2,-1
"765",-2,5,5,1,1,5
"766",-2,1,10,5,7,5
"767",76002,10,10,1,3,10
"768",76002,5,4,4,2,6
"769",-1,1,7,5,8,5
"770",-2,8,5,1,1,1
"771",-1,5,10,1,8,10
"772",-1,5,-1,1,3,-1
"773",-1,1,-1,-1,6,-1
"774",76002,10,-1,-1,7,-1
"775",-2,1,-2,1,6,1
"776",-1,5,5,1,7,5
"777",5,1,6,1,2,10
"778",-1,5,1,5,2,5
"779",-2,10,5,1,1,5
"780",-2,5,8,1,3,10
"781",76002,10,5,1,7,1
"782",5,3,1,1,2,5
"783",76002,10,5,1,7,10
"784",-1,10,10,1,7,6
"785",-2,2,6,7,8,9
"786",76003,1,10,10,7,10
"787",76002,5,5,1,3,1
"788",-1,1,-2,1,1,5
"789",-1,1,-1,1,4,7
"790",76002,9,-1,5,2,8
"791",-1,5,5,2,6,5
"792",-2,9,1,4,2,7
"793",76004,4,6,5,-1,5
"794",-1,-1,5,1,1,10
"795",76002,1,1,1,7,10
"796",76002,-1,7,1,2,10
"797",76002,1,6,1,3,6
"798",5,10,1,1,1,10
"799",-1,-1,7,2,2,3
"800",76002,10,1,1,2,3
"801",-1,7,5,1,1,10
"802",76002,10,1,1,1,5
"803",-1,8,9,1,1,8
"804",5,10,-1,5,1,5
"805",-1,1,5,1,4,5
"806",-2,5,1,1,3,6
"807",-2,4,5,5,2,4
"808",-1,1,7,5,3,5
"809",76002,10,-1,-1,3,-1
"810",-1,5,1,1,2,1
"811",-1,5,5,1,6,9
"812",-2,1,-1,1,7,10
"813",76015,6,-1,1,1,1
"814",-1,5,1,1,1,1
"815",5,4,7,7,1,8
"816",-1,5,10,6,7,10
"817",-1,5,5,5,2,5
"818",-1,6,3,9,2,7
"819",-1,5,10,1,8,10
"820",5,3,10,1,2,10
"821",-1,10,9,1,7,5
"822",76002,5,5,1,1,6
"823",-2,-2,6,1,1,7
"824",-2,8,7,1,1,6
"825",76009,5,10,1,7,10
"826",-2,1,1,1,7,10
"827",76002,8,5,4,2,6
"828",76002,1,6,1,7,10
"829",-2,-1,-2,1,2,10
"830",76002,4,4,4,3,4
"831",76002,5,-1,1,3,4
"832",5,6,5,1,1,5
"833",76028,1,10,1,7,10
"834",76015,8,1,1,1,1
"835",76002,9,7,1,6,10
"836",-1,5,8,2,1,5
"837",-2,4,-1,1,7,10
"838",-1,1,6,1,3,1
"839",-1,-1,1,1,8,6
"840",76002,1,5,5,2,6
"841",76002,6,10,10,8,10
"842",76002,10,-1,1,1,5
"843",-2,1,5,1,2,9
"844",76002,1,7,1,1,10
"845",5,9,1,1,1,1
"846",-1,1,10,-2,6,6
"847",-2,4,1,3,8,10
"848",76002,8,7,1,7,5
"849",-2,5,-2,-2,-2,-2
"850",76004,6,-1,6,3,5
"851",76002,10,10,1,1,1
"852",-1,10,5,1,7,10
"853",-1,2,10,8,2,10
"854",-2,6,6,1,1,1
"855",-1,4,6,8,2,8
"856",-1,5,-1,1,8,-1
"857",-1,10,1,1,7,1
"858",5,4,10,1,4,10
"859",-1,10,-2,1,2,1
"860",76002,1,10,6,3,10
"861",-1,10,10,1,2,10
"862",76002,1,1,1,3,1
"863",-1,5,10,2,7,2
"864",-2,5,1,1,2,1
"865",-1,1,10,1,4,1
"866",76002,1,1,1,2,1
"867",-1,2,10,1,6,1
"868",76002,5,10,5,7,10
"869",-1,8,10,1,3,10
"870",76002,10,10,1,2,1
"871",76002,10,1,1,6,1
"872",-1,10,1,1,2,1
"873",76002,6,1,1,7,1
"874",-1,10,-1,-1,7,-1
"875",76002,5,-2,5,8,5
"876",-1,1,-1,5,6,5
"877",-1,9,10,1,7,5
"878",-1,5,6,5,7,5
"879",-1,5,10,10,1,10
"880",-1,-1,5,5,1,5
"881",76004,8,1,1,3,1
"882",-1,-1,1,10,6,10
"883",76004,1,1,1,1,1
"884",76002,5,3,1,3,7
"885",76002,1,-1,1,7,10
"886",-2,1,10,10,1,10
"887",76003,1,10,1,1,8
"888",76002,1,-1,1,2,5
"889",-1,1,10,10,1,10
"890",5,1,10,5,2,10
"891",-2,3,5,2,1,5
"892",76003,1,5,1,3,5
"893",76002,7,1,10,8,10
"894",76028,1,10,4,7,10
"895",-1,1,-1,8,1,6
"896",76003,7,1,1,2,5
"897",-1,5,1,1,2,1
"898",76003,1,10,10,1,10
"899",-1,1,8,7,7,9
"900",76004,4,1,1,1,1
"901",-1,1,10,1,7,10
"902",76002,3,1,1,2,-1
"903",76002,7,1,1,4,1
"904",-1,-1,10,1,3,10
"905",-1,1,-1,1,2,6
"906",-2,10,1,1,1,1
"907",-1,10,-1,1,8,10
"908",76002,10,-1,1,1,8
"909",5,3,5,5,4,5
"910",5,1,1,1,1,1
"911",76002,5,-1,5,2,8
"912",-2,1,-2,5,2,-2
"913",-1,1,10,1,1,10
"914",-1,5,1,1,1,5
"915",76002,1,5,1,3,5
"916",5,3,1,1,1,1
"917",-1,1,1,1,2,1
"918",76002,5,1,1,1,1
"919",-2,-2,7,4,7,2
"920",-1,6,1,1,2,1
"921",5,1,1,1,7,10
"922",76005,5,6,4,4,5
"923",76002,10,1,1,7,1
"924",-1,8,10,5,2,7
"925",76002,6,10,5,7,8
"926",-2,5,1,1,2,5
"927",76028,1,5,5,1,5
"928",-1,-1,1,1,8,1
"929",76002,7,10,7,7,9
"930",5,5,4,1,1,1
"931",-1,4,10,10,8,10
"932",-1,5,1,1,1,5
"933",-1,5,1,1,3,1
"934",-2,10,1,1,2,10
"935",-1,2,10,5,4,10
"936",76002,10,1,1,1,5
"937",-1,7,7,4,7,6
"938",-1,5,1,1,2,1
"939",-1,5,10,5,7,10
"940",5,6,-1,1,2,-1
"941",76003,1,1,1,2,9
"942",-1,10,1,10,2,10
"943",-2,1,1,10,3,10
"944",-1,1,1,1,7,5
"945",76002,1,1,1,7,10
"946",-1,10,5,1,2,10
"947",-1,3,5,1,2,6
"948",-1,10,9,4,7,1
"949",76002,8,6,7,3,7
"950",-1,10,5,1,3,6
"951",76002,10,1,1,2,1
"952",-2,1,-1,1,2,5
"953",-1,9,2,1,3,5
"954",76028,7,-2,9,2,10
"955",-2,6,5,5,8,10
"956",76002,10,10,5,2,5
"957",76003,1,1,1,1,1
"958",5,8,6,6,2,7
"959",76002,10,6,1,7,6
"960",-1,10,-1,-1,2,10
"961",76002,1,1,1,7,1
"962",76001,-1,-1,1,2,1
"963",76003,4,1,10,1,10
"964",76002,5,1,1,6,5
"965",76002,1,10,10,7,10
"966",76003,10,1,1,3,1
"967",-2,5,5,1,1,3
"968",76002,1,5,10,3,5
"969",-1,1,10,10,1,10
"970",76002,6,1,1,2,1
"971",-2,1,-1,1,1,5
"972",-1,1,5,1,8,5
"973",-1,-1,-1,-1,4,10
"974",5,5,5,1,2,1
"975",76001,8,1,1,7,5
"976",-1,4,9,1,8,10
"977",76002,7,5,2,1,8
"978",5,5,10,1,3,10
"979",76002,10,1,5,1,5
"980",-2,5,-2,-2,2,-2
"981",-1,6,7,7,4,6
"982",-1,10,1,1,7,10
"983",-1,5,5,5,1,5
"984",76015,1,8,1,1,8
"985",-1,5,5,2,2,10
"986",-1,7,-2,1,7,1
"987",-1,8,10,1,2,10
"988",-1,6,7,5,7,10
"989",76001,1,1,7,1,10
"990",76002,5,1,8,1,2
"991",-1,10,4,3,2,7
"992",-1,7,7,5,4,7
"993",-2,9,1,5,8,10
"994",-1,1,-2,1,1,8
"995",5,10,5,1,3,6
"996",-1,10,6,1,1,10
"997",76002,10,4,1,1,4
"998",5,1,10,1,3,10
"999",-1,1,-1,10,2,-1
"1000",76002,1,1,1,7,5
"1001",-1,6,1,5,8,10
"1002",-2,5,5,8,7,10
"1003",-1,7,6,8,2,7
"1004",-2,3,1,1,2,1
"1005",5,-1,-1,1,3,10
"1006",-1,5,1,1,7,10
"1007",-1,1,5,1,7,5
"1008",76003,-1,5,10,7,10
"1009",76002,9,4,2,7,9
"1010",-1,5,-1,1,2,5
"1011",-1,10,10,5,2,10
"1012",76002,-1,9,1,7,10
"1013",5,5,-1,1,2,7
"1014",-2,5,1,1,6,5
"1015",-2,5,10,1,1,5
"1016",76015,5,5,1,6,9
"1017",-1,1,-1,1,3,5
"1018",-1,1,5,5,3,5
"1019",-1,1,1,1,2,1
"1020",-2,5,10,10,8,10
"1021",-2,1,1,1,1,10
"1022",-1,1,-1,5,2,10
"1023",-1,1,-2,1,7,10
"1024",-1,9,-1,1,1,5
"1025",-1,1,8,1,7,10
"1026",5,10,5,6,7,6
"1027",-1,10,-1,1,2,6
"1028",76002,8,4,1,8,10
"1029",-1,1,1,1,4,1
"1030",5,1,-1,1,2,10
"1031",76009,10,1,1,2,1
"1032",5,9,5,6,7,7
"1033",-1,1,-1,-1,7,5
"1034",-1,5,10,1,2,10
"1035",76015,1,1,1,2,5
"1036",-1,1,1,1,6,1
"1037",-1,-1,-1,1,7,6
"1038",-1,-1,-1,-1,8,1
"1039",76002,1,1,1,6,8
"1040",76026,4,4,4,4,4
"1041",5,1,10,1,3,10
"1042",76002,10,-2,1,6,10
"1043",-2,1,8,1,1,9
"1044",76002,4,8,1,7,7
"1045",76002,8,1,1,3,9
"1046",-1,10,5,1,1,1
"1047",-1,10,5,5,7,10
"1048",76002,5,5,5,3,6
"1049",-1,5,10,1,7,10
"1050",-1,1,1,1,1,5
"1051",-1,8,2,-1,4,-1
"1052",76002,5,1,1,3,5
"1053",-1,-1,-2,1,2,5
"1054",-1,7,4,5,3,10
"1055",-1,8,1,1,1,1
"1056",-1,1,1,1,1,1
"1057",76002,1,1,1,2,1
"1058",-1,1,-1,-1,1,-1
"1059",5,10,1,1,1,1
"1060",76002,1,10,1,1,10
"1061",-2,5,-1,8,3,1
"1062",76002,1,10,1,2,1
"1063",76002,1,1,1,2,1
"1064",-2,10,-1,-2,4,5
"1065",76002,10,5,1,2,10
"1066",76001,3,5,3,6,6
"1067",-2,2,1,1,3,10
"1068",-2,1,5,1,6,10
"1069",76003,1,7,1,3,9
"1070",5,2,10,1,8,10
"1071",5,1,6,1,2,6
"1072",76001,5,-2,1,7,10
"1073",76002,-1,6,1,1,8
"1074",-1,1,1,1,1,1
"1075",-1,-2,10,1,6,6
"1076",-1,6,1,1,1,1
"1077",-1,10,1,1,6,10
"1078",-1,1,8,1,1,3
"1079",76002,-2,-2,-2,4,10
"1080",76002,1,1,1,2,1
"1081",-1,10,6,1,6,8
"1082",-2,10,7,1,2,7
"1083",-1,5,1,1,2,3
"1084",-1,7,5,6,3,10
"1085",76003,9,5,5,4,10
"1086",76003,1,1,1,2,5
"1087",-1,4,7,3,8,8
"1088",-1,5,10,1,2,10
"1089",-1,-1,-1,5,7,-1
"1090",76002,1,5,2,7,5
"1091",76002,1,1,4,2,10
"1092",76004,4,4,3,1,4
"1093",-1,6,10,1,2,10
"1094",76002,10,1,1,1,1
"1095",-1,1,1,1,6,10
"1096",5,5,9,1,1,-1
"1097",-1,1,8,7,7,10
"1098",76002,7,10,1,2,5
"1099",76002,2,10,1,3,10
"1100",-2,1,-1,7,2,7
"1101",76002,1,10,1,3,5
"1102",-1,6,6,5,1,7
"1103",76002,8,1,1,2,5
"1104",-2,10,1,1,1,5
"1105",76004,1,-1,1,1,1
"1106",-2,1,5,-1,6,10
"1107",-1,4,5,5,7,5
"1108",76002,10,1,1,1,1
"1109",-1,10,6,1,2,1
"1110",-1,1,1,1,1,1
"1111",-2,-1,-2,-2,3,1
"1112",-1,1,10,1,8,10
"1113",-2,10,5,1,7,7
"1114",-1,6,5,6,4,5
"1115",-2,5,2,2,7,5
"1116",-1,7,6,10,4,10
"1117",-1,1,1,1,2,5
"1118",-1,1,1,1,8,5
"1119",-1,4,5,1,1,6
"1120",76001,1,-2,-1,2,-1
"1121",-1,5,5,5,1,5
"1122",-2,2,10,1,2,10
"1123",-1,1,1,1,3,1
"1124",-1,4,5,5,7,5
"1125",-2,7,1,1,-1,9
"1126",-1,5,5,1,2,5
"1127",76002,10,1,1,7,1
"1128",-1,1,10,1,2,10
"1129",76001,3,8,1,3,1
"1130",76002,10,-1,1,1,1
"1131",5,3,1,-1,2,10
"1132",5,5,5,5,1,5
"1133",-1,1,8,1,1,10
"1134",-1,5,-1,1,2,4
"1135",-1,1,1,1,3,1
"1136",5,10,1,1,2,1
"1137",-1,10,-1,1,3,5
"1138",-2,5,-2,-2,3,-2
"1139",76002,1,1,1,3,1
"1140",-1,1,10,1,1,10
"1141",76004,7,5,5,2,9
"1142",-2,1,1,1,7,1
"1143",76002,1,3,1,1,8
"1144",76002,10,6,1,6,10
"1145",76001,-1,1,1,1,1
"1146",-1,4,5,8,1,1
"1147",-2,7,5,5,7,3
"1148",-1,5,5,1,6,5
"1149",76003,1,5,1,1,7
"1150",-2,3,1,3,1,3
"1151",5,1,10,1,1,10
"1152",-1,10,10,7,7,10
"1153",-1,6,5,10,2,10
"1154",76002,8,1,1,7,1
"1155",5,1,5,5,6,10
"1156",5,1,-1,3,3,10
"1157",76002,10,10,10,6,10
"1158",-1,5,5,1,2,1
"1159",5,10,-2,5,2,10
"1160",76001,4,1,4,1,1
"1161",76002,1,-1,1,8,1
"1162",76015,8,-2,-1,2,6
"1163",76002,10,9,1,7,10
"1164",5,1,10,10,8,10
"1165",-1,9,10,7,8,10
"1166",76029,1,1,1,8,1
"1167",5,4,1,1,2,4
"1168",-1,1,5,1,1,10
"1169",76002,5,-1,1,1,10
"1170",76003,5,8,1,7,10
"1171",-1,-1,1,1,7,1
"1172",76002,1,10,1,2,10
"1173",-1,1,-2,-2,7,-2
"1174",76002,1,10,1,3,1
"1175",-1,-1,-1,1,1,1
"1176",-1,1,-2,1,4,7
"1177",-1,10,1,1,2,5
"1178",-2,5,1,1,6,1
"1179",-1,10,-1,1,7,-1
"1180",-1,1,-1,1,2,6
"1181",-1,2,-1,-2,2,5
"1182",-2,1,-1,-2,7,8
"1183",76002,10,-1,1,2,-1
"1184",-1,1,1,1,1,1
"1185",76028,1,10,5,7,10
"1186",-1,7,4,4,3,5
"1187",76002,1,10,5,7,10
"1188",76002,5,5,1,3,5
"1189",-1,1,6,1,7,6
"1190",-1,3,5,1,2,5
"1191",76004,1,10,1,2,1
"1192",76003,1,1,1,7,10
"1193",-1,10,1,1,1,5
"1194",76002,5,5,5,1,6
"1195",76001,6,8,1,2,7
"1196",-2,-1,3,1,7,10
"1197",-1,10,-2,1,2,10
"1198",-1,3,5,1,2,5
"1199",76001,10,7,1,7,9
"1200",-1,1,10,1,1,10
"1201",5,6,6,1,1,7
"1202",76002,1,1,1,1,8
"1203",-1,-1,5,1,1,10
"1204",-1,1,5,1,2,10
"1205",76026,1,1,1,2,1
"1206",-1,4,10,1,7,10
"1207",-1,5,1,1,4,1
"1208",-2,1,1,1,1,1
"1209",76003,3,5,1,2,8
"1210",-1,1,-1,1,1,8
"1211",76002,1,5,1,1,10
"1212",5,4,1,1,1,1
"1213",76002,5,1,1,2,1
"1214",-1,5,8,5,3,10
"1215",76009,10,10,1,1,5
"1216",-2,1,10,1,2,10
"1217",-2,5,10,1,3,5
"1218",-1,5,2,1,3,4
"1219",-1,1,5,5,3,5
"1220",-1,-1,1,1,7,5
"1221",-1,9,-1,1,3,1
"1222",-2,5,5,5,2,10
"1223",-1,10,9,1,3,6
"1224",-1,1,10,1,3,9
"1225",-2,1,1,1,7,7
"1226",5,10,1,1,1,10
"1227",-1,5,3,1,1,1
"1228",-2,3,1,1,2,10
"1229",76002,8,2,2,1,8
"1230",-1,5,3,1,1,3
"1231",76002,5,5,1,3,1
"1232",-2,5,7,3,1,1
"1233",-1,4,4,-1,2,5
"1234",76029,1,1,1,3,9
"1235",76002,2,-1,1,8,5
"1236",-1,-1,1,10,6,10
"1237",-1,10,-1,1,1,1
"1238",5,2,1,1,1,1
"1239",76002,-1,7,1,2,6
"1240",-1,7,1,1,7,10
"1241",-1,-1,6,1,3,10
"1242",76002,1,1,1,3,1
"1243",-1,5,1,1,1,10
"1244",-1,10,-1,10,7,10
"1245",5,1,10,1,2,10
"1246",76004,1,1,1,7,5
"1247",-2,2,10,1,2,10
"1248",5,1,1,1,7,1
"1249",76002,7,8,1,2,10
"1250",5,5,1,1,1,2
"1251",76004,10,1,1,3,10
"1252",-1,4,10,5,8,10
"1253",-1,1,5,1,3,1
"1254",-1,5,5,1,2,10
"1255",5,6,5,5,2,3
"1256",-2,5,1,-1,2,8
"1257",5,1,1,1,8,1
"1258",-1,10,10,10,3,10
"1259",-1,1,1,1,2,3
"1260",76009,5,2,1,3,1
"1261",-2,5,10,1,7,10
"1262",76002,1,10,1,2,10
"1263",76002,1,1,1,7,10
"1264",-1,6,1,1,1,5
"1265",-2,3,5,1,3,5
"1266",76002,5,4,3,2,4
"1267",5,-2,8,1,8,10
"1268",-1,-1,1,1,2,1
"1269",76002,8,10,7,8,9
"1270",76004,5,5,1,3,6
"1271",76002,10,1,1,1,1
"1272",-2,4,1,10,1,10
"1273",-1,1,1,1,7,6
"1274",-1,10,10,1,2,9
"1275",-1,5,1,1,7,5
"1276",-1,-1,10,1,3,7
"1277",5,1,5,6,3,8
"1278",-1,3,-1,1,2,5
"1279",-1,6,9,5,7,8
"1280",76002,-1,-1,1,2,-1
"1281",-2,1,-2,-2,3,10
"1282",-2,5,1,1,1,1
"1283",-2,4,10,1,7,8
"1284",76002,10,10,1,7,1
"1285",-1,10,1,1,2,7
"1286",-2,5,1,1,7,10
"1287",-1,10,-1,1,2,-1
"1288",-1,1,-2,1,7,-1
"1289",-1,10,1,1,1,5
"1290",-1,1,3,3,1,4
"1291",-1,1,10,3,2,5
"1292",5,1,6,1,8,8
"1293",-1,3,2,1,2,5
"1294",76029,1,1,1,3,10
"1295",76003,6,4,2,4,3
"1296",-1,2,10,1,6,2
"1297",-1,1,4,5,7,1
"1298",-2,5,1,5,6,1
"1299",5,3,10,1,2,10
"1300",-1,5,5,5,1,5
"1301",-1,5,4,1,1,1
"1302",-1,1,1,1,1,5
"1303",76001,10,1,1,3,10
"1304",-1,1,2,1,3,10
"1305",-2,1,1,1,1,1
"1306",-1,8,10,1,1,10
"1307",-1,5,5,1,1,5
"1308",-1,5,10,1,2,10
"1309",-2,10,1,1,1,1
"1310",-2,4,10,10,7,10
"1311",76003,1,1,5,7,10
"1312",76002,1,1,1,1,5
"1313",76002,5,5,1,3,5
"1314",-1,1,10,10,2,10
"1315",-1,1,-2,1,1,9
"1316",76028,10,5,5,7,5
"1317",76002,5,-1,1,6,8
"1318",76028,5,10,10,8,10
"1319",5,1,-2,1,2,10
"1320",76029,10,10,1,1,8
"1321",76029,1,1,1,6,9
"1322",-1,1,-1,-1,2,-1
"1323",-2,1,5,1,4,1
"1324",76002,5,10,5,7,10
"1325",-1,5,1,1,2,5
"1326",-2,10,1,6,1,5
"1327",-2,4,10,1,3,10
"1328",-1,8,7,5,7,5
"1329",-2,10,5,1,1,10
"1330",-1,1,2,1,3,8
"1331",76002,1,10,1,2,10
"1332",76002,1,-2,1,1,1
"1333",76003,1,10,1,7,10
"1334",76002,5,10,1,7,5
"1335",76003,10,1,1,7,1
"1336",-1,-1,-1,-1,2,-1
"1337",5,4,5,1,2,5
"1338",-1,1,6,4,3,6
"1339",-1,5,1,1,2,5
"1340",-1,-1,5,1,8,10
"1341",76002,3,6,6,1,6
"1342",-2,10,5,1,7,5
"1343",-2,8,1,1,3,1
"1344",76003,5,3,1,8,5
"1345",76002,2,10,1,8,10
"1346",-1,1,-1,1,1,10
"1347",76002,2,-1,1,1,10
"1348",76002,4,8,4,1,8
"1349",76001,1,1,1,1,1
"1350",76003,-1,10,5,2,10
"1351",-1,10,1,1,7,10
"1352",-1,1,10,1,3,5
"1353",-2,-1,7,2,1,7
"1354",-1,-1,10,10,1,10
"1355",76029,1,10,5,8,10
"1356",-1,1,10,1,3,10
"1357",5,8,9,1,6,6
"1358",76002,5,-1,1,2,10
"1359",-2,1,5,-1,3,5
"1360",-2,5,1,1,1,5
"1361",-2,10,1,1,8,1
"1362",76003,-1,1,1,7,5
"1363",76002,10,1,1,2,10
"1364",-1,7,6,3,3,4
"1365",-1,1,5,5,2,10
"1366",-2,4,10,1,2,10
"1367",5,1,7,1,2,10
"1368",-1,7,7,1,1,8
"1369",-1,6,7,7,3,8
"1370",-1,1,6,1,3,2
"1371",-1,1,5,1,1,10
"1372",-1,10,5,1,1,1
"1373",-1,1,10,9,2,10
"1374",-1,10,1,1,3,1
"1375",-1,1,1,1,2,10
"1376",76002,-1,-2,10,7,10
"1377",5,10,1,1,1,1
"1378",76003,5,5,1,2,5
"1379",76015,3,10,1,7,10
"1380",-2,1,1,1,3,1
"1381",76002,5,5,1,1,5
"1382",-1,5,1,5,7,10
"1383",-1,10,5,1,3,1
"1384",-1,1,10,1,3,10
"1385",76002,5,6,5,2,7
"1386",76009,10,4,1,1,10
"1387",-1,10,5,1,1,10
"1388",-1,1,1,-1,1,10
"1389",5,10,5,5,1,5
"1390",76002,5,5,1,7,1
"1391",-1,4,10,1,8,10
"1392",-2,4,-2,1,1,-1
"1393",5,1,5,5,8,10
"1394",-1,7,1,1,1,3
"1395",-1,5,5,1,1,5
"1396",-1,10,6,1,7,8
"1397",-1,10,1,1,1,10
"1398",-1,9,1,1,2,5
"1399",76003,10,10,1,2,10
"1400",5,1,10,1,6,5
"1401",-1,3,1,1,7,1
"1402",-1,2,10,1,2,7
"1403",5,5,5,1,6,5
"1404",-1,10,1,1,8,10
"1405",-2,10,1,1,1,1
"1406",-1,9,1,1,2,10
"1407",-1,5,10,1,3,10
"1408",-1,2,1,2,1,1
"1409",-2,1,5,1,6,5
"1410",-1,-1,2,1,7,10
"1411",-1,5,1,1,2,4
"1412",-1,4,3,2,1,5
"1413",76002,1,1,1,6,1
"1414",-2,5,10,10,7,10
"1415",76002,10,-1,1,1,7
"1416",-2,1,1,1,2,6
"1417",5,5,10,1,7,10
"1418",5,5,5,1,1,1
"1419",5,10,5,10,2,10
"1420",-2,-1,-2,1,2,-2
"1421",-1,1,5,1,7,10
"1422",-1,2,-2,-2,6,-2
"1423",-1,1,10,5,2,10
"1424",76002,2,1,1,7,1
"1425",-1,10,1,1,1,1
"1426",-1,5,4,1,2,5
"1427",-1,8,3,1,2,1
"1428",-2,1,1,1,1,1
"1429",5,10,-2,-2,2,6
"1430",-1,10,5,1,8,5
"1431",76005,8,8,1,3,8
"1432",-1,1,10,1,1,1
"1433",-2,7,1,8,1,7
"1434",5,1,5,1,6,10
"1435",-1,1,1,1,2,10
"1436",5,10,1,1,7,1
"1437",-1,2,1,1,2,1
"1438",-1,1,-1,1,4,7
"1439",-1,6,1,1,2,9
"1440",-1,5,1,1,4,5
"1441",-1,7,2,1,2,10
"1442",-2,5,-2,6,3,6
"1443",-1,10,1,1,1,1
"1444",-1,4,9,1,3,7
"1445",-2,10,-2,1,1,8
"1446",-1,10,5,1,2,9
"1447",-1,1,1,1,2,4
"1448",76005,1,1,1,7,10
"1449",-1,1,1,1,2,1
"1450",-1,10,6,1,7,1
"1451",-1,1,1,1,3,10
"1452",-2,8,8,1,2,1
"1453",76009,7,10,1,4,8
"1454",76002,10,5,5,1,1
"1455",-1,5,5,1,8,6
"1456",-1,-1,1,1,2,10
"1457",-1,-1,10,10,2,10
"1458",-1,1,8,1,3,5
"1459",76002,7,10,8,8,10
"1460",76002,5,-2,1,2,1
"1461",76002,1,1,1,3,1
"1462",-1,1,7,1,2,1
"1463",5,1,5,1,2,10
"1464",-1,8,8,1,2,8
"1465",-1,2,4,2,1,5
"1466",76001,1,-1,-1,4,-1
"1467",76002,1,1,1,1,5
"1468",-1,1,-1,1,6,-1
"1469",-1,7,1,1,1,5
"1470",5,9,7,1,1,10
"1471",-1,10,5,1,7,5
"1472",76002,4,8,8,4,10
"1473",-1,1,10,1,7,10
"1474",-1,1,8,1,2,1
"1475",-2,9,1,1,2,1
"1476",-2,5,1,1,2,3
"1477",-1,1,1,1,2,10
"1478",-1,5,-1,1,7,7
"1479",-2,7,5,1,2,10
"1480",-1,1,7,1,3,7
"1481",76002,1,1,1,3,10
"1482",-1,7,-1,-1,2,-1
"1483",-2,5,1,1,2,5
"1484",-1,1,5,1,7,1
"1485",5,-1,-1,1,1,5
"1486",-1,1,-2,5,1,-2
"1487",76002,1,8,1,7,10
"1488",-1,10,1,1,6,6
"1489",-1,5,1,1,1,5
"1490",76005,10,-1,1,3,10
"1491",-2,1,5,1,2,8
"1492",-1,2,5,1,2,10
"1493",76002,8,8,1,7,5
"1494",-1,1,10,5,8,10
"1495",-1,3,5,1,3,5
"1496",76003,5,7,3,7,8
"1497",-1,-1,1,1,1,1
"1498",-1,7,6,8,2,7
"1499",76003,3,5,1,3,10
"1500",-2,1,10,1,2,10
"1501",76002,1,1,1,8,1
"1502",-1,1,6,-1,7,10
"1503",-1,10,1,1,1,1
"1504",76002,9,5,1,7,5
"1505",-1,5,-1,1,7,5
"1506",5,1,10,1,2,5
"1507",76029,5,6,2,1,6
"1508",-2,2,1,2,7,2
"1509",76002,10,1,1,2,1
"1510",-1,10,1,1,2,1
"1511",76002,2,10,1,8,1
"1512",-2,6,-1,-1,-1,-1
"1513",76002,10,1,6,1,6
"1514",76002,1,-1,1,8,10
"1515",-1,5,-1,1,3,5
"1516",-1,1,5,2,3,10
"1517",-1,5,10,1,7,5
"1518",-1,6,1,1,3,8
"1519",-1,8,1,5,1,6
"1520",-2,1,1,1,2,1
"1521",-2,3,1,1,8,5
"1522",-1,4,1,1,2,1
"1523",-1,1,6,1,2,-1
"1524",-1,-1,5,6,2,10
"1525",76002,7,8,1,6,2
"1526",5,5,-2,1,1,1
"1527",76004,5,1,1,6,10
"1528",-1,-1,1,8,2,8
"1529",76002,5,1,1,1,5
"1530",76002,6,5,1,2,10
"1531",-1,5,1,1,3,8
"1532",-1,5,5,5,6,8
"1533",76002,8,5,1,1,5
"1534",5,5,4,5,7,8
"1535",-1,5,1,1,2,9
"1536",76001,1,1,1,6,10
"1537",-1,1,1,1,2,1
"1538",76002,-1,1,1,2,5
"1539",76029,1,5,5,8,5
"1540",76001,4,10,1,1,1
"1541",-1,5,8,5,1,10
"1542",5,1,1,1,1,8
"1543",-1,5,5,1,8,5
"1544",-2,1,1,1,1,1
"1545",-1,1,9,1,2,1
"1546",76002,5,5,5,4,5
"1547",-1,10,1,1,7,7
"1548",76002,8,3,2,3,9
"1549",-1,-1,10,4,1,10
"1550",-1,-1,1,1,3,5
"1551",5,1,1,1,3,6
"1552",-1,1,5,1,6,1
"1553",-1,1,5,1,7,1
"1554",76002,8,1,1,2,8
"1555",-1,9,5,1,2,10
"1556",-2,10,3,1,7,10
"1557",-1,1,1,1,2,1
"1558",-1,1,10,1,2,10
"1559",-2,5,1,1,1,10
"1560",-1,1,8,1,2,10
"1561",-1,5,1,1,2,5
"1562",-1,1,1,1,1,1
"1563",76002,-1,-1,1,1,10
"1564",76003,10,10,-1,7,10
"1565",-2,10,10,1,2,1
"1566",-1,5,10,1,1,10
"1567",-2,1,1,1,3,10
"1568",5,1,5,5,2,5
"1569",76002,7,5,1,8,2
"1570",-1,9,-2,1,1,10
"1571",76002,6,5,1,3,1
"1572",-1,8,5,1,2,5
"1573",-1,-1,1,1,1,1
"1574",-1,2,10,1,3,8
"1575",-1,7,10,3,7,5
"1576",-1,5,1,1,2,1
"1577",76001,2,1,1,1,1
"1578",-1,7,8,8,3,4
"1579",76003,5,8,1,3,10
"1580",-1,5,1,1,1,6
"1581",76002,3,4,6,7,4
"1582",76002,1,-2,1,1,5
"1583",76002,5,5,2,8,5
"1584",-1,1,5,1,2,10
"1585",-1,1,3,1,2,3
"1586",-1,4,8,1,2,10
"1587",-1,4,3,1,4,8
"1588",-2,2,10,9,3,10
"1589",-1,1,1,1,2,1
"1590",-1,4,8,1,7,10
"1591",-1,-1,-1,1,2,1
"1592",76002,1,1,1,8,10
"1593",-1,1,6,1,3,8
"1594",-1,1,1,1,7,5
"1595",5,3,1,1,2,1
"1596",-1,1,1,1,1,1
"1597",-1,10,1,1,7,1
"1598",-1,7,5,5,3,7
"1599",76002,7,8,1,2,9
"1600",76003,5,-1,-1,8,10
"1601",76002,-1,1,1,7,10
"1602",76002,-1,1,1,2,10
"1603",76029,3,1,1,4,5
"1604",-1,1,1,1,3,8
"1605",-1,10,1,1,2,5
"1606",76002,3,10,1,1,5
"1607",76002,10,10,10,8,10
"1608",-1,8,1,5,3,10
"1609",-1,7,5,7,4,5
"1610",-1,6,-1,1,7,8
"1611",-1,10,1,1,3,8
"1612",5,1,1,5,8,10
"1613",-2,7,-1,1,7,1
"1614",-1,5,-2,1,3,8
"1615",-1,10,1,1,1,1
"1616",76001,5,1,1,1,5
"1617",76002,1,1,1,3,10
"1618",-1,10,1,1,7,10
"1619",-2,8,8,8,6,5
"1620",-1,5,5,5,4,10
"1621",76002,-2,1,1,8,1
"1622",-1,1,-1,1,3,10
"1623",76002,1,1,1,8,2
"1624",5,2,1,5,3,5
"1625",76002,1,1,1,2,10
"1626",-1,6,-1,1,2,6
"1627",5,1,10,1,3,10
"1628",-1,6,6,5,8,10
"1629",-1,5,1,1,2,1
"1630",-1,1,-1,1,2,1
"1631",-1,5,-1,1,1,8
"1632",-1,10,5,1,2,5
"1633",76002,1,-1,1,3,1
"1634",-1,10,5,6,1,8
"1635",-2,9,1,1,2,1
"1636",5,1,-2,1,7,5
"1637",-1,5,5,1,1,9
"1638",-2,1,1,1,7,8
"1639",76002,-1,1,1,2,1
"1640",-2,1,10,1,8,10
"1641",-2,10,10,1,1,5
"1642",76002,10,1,1,6,6
"1643",-2,-1,1,1,8,3
"1644",-1,10,5,1,2,1
"1645",-1,5,10,1,4,10
"1646",-1,7,1,10,8,5
"1647",-1,5,1,1,2,5
"1648",76002,3,1,1,2,6
"1649",-1,1,1,1,3,1
"1650",76003,1,5,1,2,10
"1651",5,-1,1,1,2,1
"1652",-1,6,1,1,1,2
"1653",76028,1,10,1,7,10
"1654",-1,10,1,-2,2,-2
"1655",-1,10,5,1,2,5
"1656",76002,5,-1,5,3,10
"1657",76002,10,1,1,8,5
"1658",-1,10,1,1,1,1
"1659",-1,6,1,1,7,10
"1660",-1,7,6,3,2,5
"1661",-2,5,8,1,8,10
"1662",-1,10,5,1,7,10
"1663",5,1,1,1,1,1
"1664",-2,10,5,1,1,5
"1665",76003,1,8,1,6,7
"1666",-1,1,4,1,1,1
"1667",-1,2,1,3,1,10
"1668",-1,4,2,1,1,5
"1669",-1,10,1,1,2,1
"1670",-1,-1,1,1,7,7
"1671",-1,10,-1,1,7,1
"1672",-1,1,1,1,1,4
"1673",-1,4,10,1,2,8
"1674",-1,1,5,1,2,10
"1675",-2,10,1,5,3,10
"1676",76002,10,1,1,3,10
"1677",76002,10,1,1,7,5
"1678",-2,8,10,1,2,5
"1679",-1,1,5,1,2,6
"1680",76002,1,1,1,2,5
"1681",-1,7,-1,-1,8,-1
"1682",-1,-1,5,1,1,10
"1683",76002,-1,1,1,3,9
"1684",-2,5,-1,-2,3,-2
"1685",-2,-2,-1,-1,-2,-1
"1686",5,-1,-2,1,3,1
"1687",-1,10,3,1,8,1
"1688",-1,1,-1,-1,7,-1
"1689",76002,1,8,8,3,10
"1690",-1,1,1,2,4,9
"1691",5,5,10,1,2,10
"1692",-1,3,5,1,1,5
"1693",5,10,1,1,1,8
"1694",-2,1,1,7,8,10
"1695",-1,5,1,1,3,1
"1696",-1,5,1,1,2,10
"1697",-1,8,3,1,1,5
"1698",5,10,1,1,8,1
"1699",-2,1,1,1,3,2
"1700",76002,10,6,1,1,1
"1701",76002,10,1,1,1,1
"1702",76003,3,1,1,1,5
"1703",-1,1,2,1,3,6
"1704",76002,5,10,1,2,1
"1705",-1,1,1,5,6,5
"1706",5,1,1,1,2,5
"1707",76004,1,5,1,7,5
"1708",76005,1,1,1,3,10
"1709",5,1,1,1,2,10
"1710",-1,6,1,1,8,8
"1711",-1,-1,1,2,1,2
"1712",-2,1,-1,8,6,8
"1713",76002,10,5,1,3,5
"1714",-1,1,-1,1,1,1
"1715",-2,-2,10,5,7,5
"1716",-1,-1,-1,-1,8,-1
"1717",-2,5,6,1,1,5
"1718",-1,1,5,1,2,10
"1719",76001,3,8,4,1,5
"1720",76002,1,10,1,3,10
"1721",76002,-1,1,1,3,1
"1722",-1,1,1,1,1,1
"1723",76002,5,1,1,8,8
"1724",-1,10,1,1,1,10
"1725",5,9,1,1,6,10
"1726",-1,1,6,1,1,10
"1727",76002,5,1,1,2,5
"1728",-1,1,-1,1,1,1
"1729",-1,10,-1,1,2,9
"1730",-2,-1,-1,1,1,1
"1731",76002,1,1,1,3,1
"1732",76002,10,1,1,7,1
"1733",-1,6,7,1,3,1
"1734",-2,2,7,1,1,3
"1735",-2,1,10,1,1,5
"1736",-2,1,3,1,1,1
"1737",-2,6,-1,1,1,10
"1738",76002,5,8,1,1,1
"1739",-1,5,1,1,1,1
"1740",-1,1,1,1,1,1
"1741",5,-1,-1,1,4,1
"1742",-1,3,1,1,2,1
"1743",-1,1,1,1,1,1
"1744",76002,1,10,1,2,10
"1745",-1,1,1,1,7,10
"1746",-1,-1,-2,-1,2,7
"1747",-1,1,10,1,4,5
"1748",76002,1,-2,1,1,10
"1749",76002,5,1,1,2,1
"1750",76001,1,-1,5,7,10
"1751",-1,9,2,1,1,9
"1752",-1,-1,-1,1,2,10
"1753",-2,5,1,1,7,1
"1754",-1,1,-2,-2,7,-2
"1755",-2,1,6,1,3,1
"1756",-1,10,10,1,7,10
"1757",-1,-1,-1,1,1,5
"1758",5,1,1,1,1,5
"1759",5,5,-1,1,8,10
"1760",-1,1,1,1,2,1
"1761",-1,6,1,1,2,6
"1762",-1,-1,1,1,2,1
